# Blender 3.6.9
# www.blender.org
mtllib expi.mtl
o experimentplush
v -3.963250 -3.334985 4.868200
v -3.476686 -3.640870 5.202978
v -3.429684 -2.771666 3.843500
v -4.590787 -3.771374 5.365439
v -3.730489 -6.456093 4.293348
v -2.138550 -5.561608 1.630417
v -1.585419 -5.372306 1.777772
v -2.291480 -5.764307 3.099470
v -1.639590 -5.311692 2.703598
v -3.420695 -6.148813 5.245229
v -3.279598 -5.721509 5.713537
v -3.815375 -6.156532 5.779951
v -3.540468 -5.536546 6.075933
v -2.854604 -5.129235 5.382314
v -3.333540 -4.859577 5.927294
v -2.625841 -4.424708 4.983911
v -2.979712 -4.178096 5.292802
v -2.076210 -3.180530 3.703709
v -2.281220 -2.722689 3.474216
v -2.489919 -2.400907 3.185769
v -2.898531 -2.202231 2.811755
v -1.882785 -2.007730 2.315571
v -1.220800 -2.422841 2.339934
v -0.719474 -3.150205 2.167452
v -2.085043 -4.404498 4.165179
v -2.099543 -5.003992 4.034123
v -0.864841 -3.845625 2.395844
v -1.237923 -4.724672 2.663987
v -1.053250 -4.822335 1.956460
v -1.244254 -5.064119 1.190659
v -1.765635 -5.106943 0.667028
v -2.469874 -5.453229 1.290918
v -2.551786 -5.094881 0.698532
v -3.351157 -5.977511 2.719622
v -3.679985 -5.635387 2.331372
v -3.033093 -4.568410 0.454798
v -4.136406 -4.992839 2.166401
v -3.541719 -4.072400 0.712149
v -4.441663 -4.290015 2.239681
v -2.934190 -4.007721 0.016439
v -2.341421 -4.448330 -0.088288
v -1.570442 -4.665617 -0.029914
v -1.613222 -3.593509 -0.695019
v -2.457311 -3.100821 -0.432477
v -3.211207 -3.539198 0.167857
v -2.907828 -2.862225 -0.028150
v -0.568173 -3.886078 1.734882
v -0.577811 -4.138273 1.242150
v -0.785328 -4.205168 -0.008225
v -1.027362 -3.871989 -0.483280
v -1.433633 -3.355351 -0.633330
v -2.646750 -2.313395 0.201801
v -3.622275 -2.858603 0.933975
v -3.602529 -3.317966 0.709042
v -2.033592 -2.517798 0.225388
v -2.263341 -1.830899 1.010377
v -2.593308 -1.847796 0.902805
v -1.940614 -1.785896 1.721693
v -3.558923 -2.516206 1.312898
v -1.084633 -2.066154 1.937501
v -1.183224 -2.483216 1.035232
v -1.081116 -2.771099 0.368559
v -0.793010 -3.538630 -0.256398
v -0.466033 -3.644852 0.048124
v -0.431620 -3.871323 0.277654
v -0.258480 -3.271603 1.519127
v -0.656982 -2.455154 1.980884
v -0.307873 -3.009984 1.486732
v -0.663830 -2.960649 0.618872
v -0.788657 -2.664103 1.285179
v -3.738311 -6.436688 4.975223
v -4.254844 -6.464875 5.499664
v -4.527218 -6.635872 4.949860
v -4.178767 -6.447371 3.950299
v -4.933784 -6.490278 4.408509
v -4.911330 -6.285426 3.897499
v -3.583583 -4.858630 6.107359
v -3.980499 -5.669683 6.134929
v -4.362008 -6.013890 5.922912
v -4.850327 -6.345479 5.401068
v -5.362310 -6.270752 4.794325
v -5.653222 -5.873501 4.300500
v -5.237118 -5.737340 3.586267
v -4.813514 -5.923792 3.384827
v -4.214550 -4.909593 6.159992
v -4.094121 -4.213688 5.870488
v -4.854266 -4.513441 5.865098
v -4.484801 -5.417025 6.080256
v -5.111176 -5.740736 5.608479
v -5.493041 -5.799076 5.198072
v -5.852030 -5.189752 4.989569
v -5.819883 -5.198875 4.162179
v -5.845488 -4.652736 4.776135
v -5.618359 -4.430552 4.011353
v -5.384542 -4.942283 3.433444
v -5.435790 -4.571364 5.481998
v -5.277447 -4.019075 5.137709
v -4.298799 -3.225345 4.427620
v -5.314887 -5.062878 5.647671
v -4.525439 -3.828997 2.507850
v -4.414075 -3.323793 2.908047
v -5.525643 -4.144001 4.315393
v -4.999547 -3.634100 4.320939
v -4.019999 -2.888728 3.357369
v -3.513154 -2.338170 1.771900
v -3.163892 -2.114224 2.263441
v -2.786950 -0.084908 -0.738837
v -5.597649 -1.150689 -0.089727
v -2.979631 0.098827 -1.180520
v -3.247537 -0.377814 -0.181480
v -6.933721 -1.939058 0.095270
v -7.186559 -2.023833 0.946612
v -7.545792 -2.010260 0.500498
v -6.720494 -1.866760 0.928505
v -5.962547 -1.268239 0.645530
v -4.527709 -0.768468 0.353589
v -2.486211 0.197888 0.524084
v -1.859885 0.327744 -0.484645
v -1.629810 0.953270 0.156319
v -1.663844 1.154735 -0.638567
v -1.761899 2.355239 -0.134016
v -2.005283 2.226495 -1.200223
v -2.132899 2.674656 -0.418525
v -2.339262 2.400876 -1.321046
v -3.328789 2.518942 -0.405021
v -3.395565 2.194604 -1.135439
v -4.885313 1.388963 -0.174622
v -1.830406 1.161256 0.711151
v -6.089818 -0.928216 1.277645
v -6.954611 -1.425933 1.535508
v -5.144217 -0.783598 0.949931
v -4.109705 -0.170947 0.908915
v -2.630428 0.545746 0.959477
v -1.996006 1.549001 0.893269
v -1.985983 2.531559 0.091174
v -3.004589 2.482119 0.397588
v -3.753301 2.020855 0.832308
v -2.879486 1.847133 1.125576
v -3.566360 1.468513 1.236701
v -3.321917 0.930494 1.283896
v -4.248962 0.147153 1.129096
v -4.724110 0.737903 1.175797
v -6.397076 -0.531006 1.535055
v -7.552992 -1.131630 1.533015
v -7.451733 -1.723908 1.327757
v -7.994264 -1.629954 0.817853
v -8.169863 -0.965917 0.887362
v -8.298221 -1.011878 0.440680
v -7.811971 0.109284 0.856670
v -7.936781 0.063171 0.326299
v -6.973587 0.703276 0.634200
v -7.234815 0.501212 0.011798
v -5.063774 1.378152 0.289704
v -6.859838 0.514812 1.101213
v -5.445858 0.889277 0.975451
v -4.809100 1.319614 0.806622
v -7.007898 -0.223183 1.542880
v -7.609986 -0.085264 1.244218
v -2.394270 -6.326320 -5.623822
v -2.419173 -6.403168 -5.929036
v -2.337573 -6.862709 -5.740770
v -2.516998 -6.124722 -6.171647
v -2.590150 -5.754718 -5.931448
v -2.960080 -5.769807 -6.992053
v -2.685029 -6.314069 -6.857307
v -2.888793 -6.509085 -8.029428
v -2.535286 -6.816652 -7.362794
v -2.878092 -7.009268 -8.580067
v -2.748992 -6.986149 -8.278351
v -2.385617 -7.225984 -9.313650
v -2.575923 -6.977567 -8.656555
v -2.135739 -7.412044 -8.157312
v -2.283653 -7.112278 -7.944119
v -2.194577 -6.994770 -7.164272
v -2.201256 -6.677618 -6.493684
v -2.045435 -6.708560 -5.988764
v -2.636806 -7.324179 -9.232661
v -2.513211 -7.079068 -7.845947
v -3.145962 -6.390100 -10.214414
v -3.139909 -6.088296 -9.861973
v -2.849552 -6.027057 -10.704927
v -3.186409 -5.844533 -9.150318
v -3.239871 -6.726176 -10.051749
v -3.106200 -5.822940 -8.532826
v -2.983438 -6.622335 -8.836316
v -2.846344 -7.027213 -9.508630
v -2.999014 -6.753718 -10.207285
v -2.587606 -7.094811 -10.080570
v -2.360857 -7.219616 -9.798435
v -2.167784 -7.517517 -9.667503
v -1.695750 -7.877857 -9.637980
v -2.713997 -6.270469 -11.070956
v -2.725950 -5.974713 -11.414321
v -2.299186 -6.285556 -11.641570
v -2.222914 -5.803019 -11.603455
v -0.461646 -8.448565 -8.571461
v -0.207882 -8.651785 -9.728825
v 0.094236 -8.886570 -9.348838
v -0.801076 -8.443018 -8.969872
v -0.632897 -8.517694 -9.839013
v -1.497005 -8.066139 -9.019107
v -1.323079 -8.209195 -10.042076
v -1.275816 -8.026114 -11.105598
v -2.121389 -7.565759 -10.504146
v -2.197309 -7.300529 -10.396415
v -2.373899 -6.968629 -11.026970
v -2.659587 -7.027808 -10.592696
v -1.941465 -6.579154 -12.033419
v -1.051847 -8.307125 -10.241360
v -1.839921 -5.709416 -11.983335
v -1.756727 -5.910722 -12.120774
v -1.736177 -6.431961 -11.991137
v -1.936088 -6.954075 -11.722713
v -1.978820 -7.039734 -11.355146
v -1.988168 -7.422178 -11.039819
v -1.370464 -7.853370 -11.366486
v -0.908720 -7.937072 -11.254558
v -0.774562 -8.289937 -10.751144
v -0.326092 -8.401448 -10.098846
v 0.217648 -8.854296 -9.851679
v -1.515833 -6.708494 -11.959079
v -2.654522 -5.425848 -11.401891
v -2.155436 -5.215867 -11.809961
v -1.658250 -5.520378 -12.248420
v -0.332522 -7.970895 -11.121460
v -0.054338 -8.495629 -10.117596
v 0.312891 -8.538525 -9.955162
v 0.388621 -8.734141 -9.397427
v 0.250269 -8.363817 -10.447919
v -0.044248 -8.213831 -11.093502
v -0.117298 -7.839179 -11.463497
v -0.119500 -7.414912 -11.871935
v -0.305319 -7.448483 -11.891098
v -1.181211 -7.275355 -11.614376
v -1.646753 -7.208358 -11.495985
v -0.734822 -6.814101 -12.214551
v -0.604662 -6.823750 -12.255431
v -1.241857 -6.086321 -12.393433
v -0.882111 -6.108932 -12.863708
v -0.434675 -6.698839 -12.550636
v -0.442186 -7.028075 -12.446096
v -0.379552 -7.227527 -12.314800
v -0.260758 -7.341646 -12.164816
v 0.056686 -6.334212 -12.863719
v -1.062382 -5.714810 -12.765326
v -0.376862 -6.001349 -12.963222
v 0.164188 -6.065323 -12.956196
v -0.762967 -5.616156 -12.923309
v 0.268005 -5.248398 -12.959406
v -1.042513 -3.082006 -12.001745
v -0.575655 -2.216757 -11.219732
v -0.704896 -2.899020 -12.046540
v -0.487799 -3.145403 -12.416149
v -1.087084 -3.579492 -12.359356
v -0.534925 -3.840517 -12.653922
v -0.579694 -4.163772 -12.837085
v -0.280368 -4.248896 -12.757513
v -0.382277 -4.597814 -12.878853
v 0.083603 -4.966986 -12.733159
v -0.131473 -5.006866 -12.849739
v 0.354611 -5.106553 -12.859177
v -0.482189 -5.102787 -12.853587
v -1.038457 -5.384513 -12.838286
v -1.002836 -5.013501 -12.912829
v -0.710473 -4.475448 -13.273584
v -1.387295 -5.144995 -12.729164
v -1.143382 -4.874115 -12.807822
v -0.928438 -4.223764 -13.064754
v -0.100422 -3.715259 -12.571560
v -0.045649 -3.188951 -12.281889
v 0.194910 -3.668473 -12.499498
v 0.244938 -4.682696 -12.674361
v -1.118096 -2.037411 -11.110446
v -1.354990 -3.138443 -12.169397
v -1.324379 -3.385585 -12.203502
v -1.256856 -3.755734 -12.418503
v -1.506721 -4.592390 -12.330922
v -2.000160 -4.610560 -12.125534
v -1.942663 -5.161092 -12.231833
v -2.306468 -4.945616 -11.793105
v -2.454278 -4.901444 -11.327376
v -2.971737 -5.000563 -10.735794
v -2.849727 -5.523119 -11.010922
v -2.041432 -4.292207 -11.886180
v -3.455239 -4.607205 -8.737773
v -3.499338 -5.323514 -9.704875
v -3.504411 -5.206259 -8.583028
v -3.413270 -5.594852 -9.273055
v -3.242544 -5.766925 -9.751224
v -3.315940 -5.278411 -10.037965
v -3.007495 -4.368593 -10.323009
v -2.247115 -4.336230 -11.404034
v -2.010778 -3.817310 -11.511519
v -3.213104 -5.637012 -10.322647
v -3.251342 -4.099380 -9.097018
v -2.708708 -4.077265 -10.862249
v -2.300955 -3.829015 -11.122973
v -3.508931 -4.983176 -8.538193
v -3.388961 -4.864983 -7.566280
v -2.764022 -5.121766 -5.241153
v -3.070180 -5.130722 -6.371683
v -2.892570 -5.316169 -6.245457
v -3.159355 -5.159068 -7.142086
v -3.184434 -5.000106 -6.694252
v -3.346916 -4.662450 -7.657352
v -3.238451 -4.677356 -8.445090
v -3.108824 -4.071054 -8.915936
v -2.755907 -5.538577 -5.835906
v -2.394769 -5.533961 -4.999722
v -2.376792 -5.229950 -4.570831
v -2.881786 -4.745308 -5.027112
v -2.961281 -4.612494 -5.981141
v -2.980697 -4.852625 -6.722291
v -3.129110 -4.371728 -7.988828
v -3.051795 -4.068103 -8.653096
v -3.199589 -3.673293 -8.856977
v -3.122041 -3.742196 -9.127127
v -2.461214 -4.344635 -4.204334
v -2.736301 -4.463054 -4.775989
v -2.640037 -4.326056 -4.859323
v -2.732181 -4.221748 -6.164062
v -2.851081 -4.374674 -6.901749
v -3.202327 -3.885762 -8.770957
v -3.332238 -3.576587 -8.816832
v -3.099367 -3.276257 -8.834041
v -2.939241 -3.308439 -9.228255
v -3.000859 -3.785429 -9.876512
v -2.021461 -2.174967 -7.508298
v -2.348500 -2.606256 -8.631378
v -2.526296 -2.637549 -8.369883
v -2.570828 -2.911355 -9.270420
v -2.670563 -2.910022 -8.790238
v -3.320261 -3.243302 -8.578362
v -3.155625 -3.328229 -7.279490
v -3.103081 -2.948669 -8.305858
v -2.592655 -2.696675 -7.988171
v -2.568946 -2.531394 -7.272566
v -2.166781 -2.168897 -6.410895
v -1.889063 -1.834234 -6.634525
v -1.886293 -1.818694 -5.921502
v -1.527981 -1.774317 -6.693895
v -1.363293 -1.640937 -5.883940
v -1.032048 -1.254125 -6.973597
v -1.013494 -1.445510 -5.841782
v -0.601912 -1.132964 -6.918217
v -0.867582 -1.220872 -7.285131
v -1.328622 -1.824514 -7.653643
v -3.043926 -3.156327 -7.053417
v -2.902635 -2.926560 -7.505084
v 0.464868 -1.116096 -4.983516
v 0.372317 -1.166135 -5.470763
v 0.065893 -1.246203 -4.882713
v -0.304920 -1.248055 -5.202887
v -0.922042 -1.285649 -5.237482
v -1.262977 -1.430694 -5.627544
v -1.733913 -1.484059 -5.564049
v -2.047135 -2.127230 -5.902019
v -2.444814 -2.240750 -5.992862
v -2.649060 -2.791783 -6.289160
v -2.916856 -3.309158 -6.483543
v -2.853258 -3.583103 -6.398972
v 0.736955 -1.092970 -5.449855
v 0.575720 -1.188093 -5.834330
v -0.160857 -1.206092 -6.658264
v -0.536841 -1.247242 -6.205585
v -0.693128 -1.703308 -3.344372
v -0.848396 -1.688087 -3.542725
v -0.745973 -1.926664 -2.915200
v -0.473427 -1.331084 -3.867327
v -1.213513 -1.586798 -4.619884
v -1.631200 -1.417766 -5.255181
v -1.923967 -1.897677 -5.110295
v -2.014646 -2.124719 -4.673201
v -2.447716 -2.504218 -5.709354
v -1.208926 -1.736701 -3.731251
v -1.539099 -1.881876 -4.508633
v -1.133170 -1.841321 -3.367095
v -0.699630 -2.251585 -2.508469
v -0.018187 -1.661248 -3.044802
v -0.270608 -1.147257 -4.197654
v 0.229050 -1.160344 -4.591781
v 0.730485 -1.397878 -3.903420
v 0.477776 -1.793557 -2.844060
v 0.399916 -2.135200 -2.385886
v -1.435445 -1.853026 -3.572390
v -1.810605 -2.031276 -3.982087
v -1.168935 -2.315387 -2.756087
v 1.785113 -1.957582 -4.209146
v 0.951108 -1.618687 -3.790043
v 1.029224 -1.730059 -3.317252
v 0.927604 -2.160582 -2.545891
v 1.329404 -4.800443 -2.594369
v 1.151673 -3.913632 -2.063233
v 0.729919 -5.048946 -2.269564
v 0.541089 -4.535645 -2.044686
v 0.543606 -4.039599 -1.787683
v 0.103624 -4.049212 -1.716756
v 0.335076 -3.404970 -1.753394
v 0.066580 -3.105060 -1.746986
v 0.517311 -2.866359 -1.925973
v 0.048388 -2.466537 -2.023033
v -0.105175 -2.352681 -2.132519
v -0.735602 -2.463880 -2.307103
v -1.251236 -2.643157 -2.594098
v -1.843833 -2.795930 -3.483691
v -0.413459 -3.886901 -1.920685
v -1.819552 -2.874208 -3.105099
v -2.057944 -3.119915 -3.449648
v -2.222126 -3.422896 -3.404152
v -2.500732 -3.259256 -5.011189
v -2.139108 -2.813720 -4.103841
v -2.166728 -2.542186 -4.091493
v -2.431937 -2.620030 -4.722812
v -2.782195 -2.830382 -5.831252
v -2.739068 -3.330774 -5.698526
v -3.097107 -3.245294 -6.385055
v -2.027898 -3.754841 -3.177395
v -2.252164 -3.869000 -3.601937
v -2.438262 -3.691394 -4.350133
v -2.524687 -3.920429 -5.338438
v -2.670610 -3.870744 -6.098685
v -2.042210 -4.363025 -3.350905
v -2.167617 -5.221269 -4.104852
v -2.017107 -4.830738 -3.510185
v -2.063513 -5.464024 -4.315811
v -1.764499 -5.639268 -4.025670
v -2.074628 -5.736165 -4.841629
v -1.843202 -4.782765 -3.169125
v -1.584431 -4.470671 -2.837982
v -1.618927 -4.931913 -3.177508
v -1.065043 -5.186968 -2.978572
v 0.003839 -4.897599 -2.271583
v -0.478710 -4.700955 -2.220568
v -0.434839 -4.310877 -1.992858
v -0.876768 -4.276463 -2.001564
v 2.225827 -4.801302 -3.250282
v 1.733835 -4.756402 -2.859454
v 1.949037 -5.257465 -3.220912
v 1.282111 -5.329420 -3.119103
v 0.754732 -5.332510 -2.504402
v 0.455523 -5.333450 -2.393750
v -0.969371 -4.066890 -2.004629
v -1.175041 -3.752025 -2.253440
v 1.993242 -5.482480 -3.450644
v 1.941701 -4.277856 -2.640212
v 1.608310 -3.860853 -2.287431
v 1.007443 -3.290281 -1.975655
v 1.881877 -3.418259 -2.600403
v 2.227991 -3.915962 -2.900896
v 2.620482 -4.268634 -3.738216
v 2.426481 -4.915476 -3.629535
v 2.722510 -5.316051 -4.890905
v 1.086973 -2.525185 -2.452889
v 1.657598 -2.999715 -2.685308
v 2.346127 -3.353487 -3.423556
v 2.452755 -3.825229 -3.549881
v 2.800482 -4.204285 -4.309080
v 2.894447 -4.544516 -4.857309
v 3.219469 -5.335248 -6.100934
v 2.947929 -5.886376 -5.880888
v 2.816648 -3.851509 -4.132863
v 3.141563 -4.045222 -4.885475
v 3.165147 -4.134840 -5.450471
v 3.474248 -4.591378 -6.152169
v 3.439404 -5.348221 -6.806954
v 3.303882 -6.403070 -6.460655
v 2.732954 -6.260247 -5.935282
v 2.347941 -6.075643 -5.035237
v 2.220123 -5.714953 -4.556504
v 3.530963 -5.153220 -7.401224
v 0.965572 -5.809022 -3.511492
v 1.511638 -5.695729 -3.604574
v 1.856481 -5.955462 -4.381928
v 2.085505 -6.573253 -5.264481
v 2.653221 -6.567461 -6.112904
v 3.028483 -6.632200 -6.461441
v 3.340913 -6.635841 -6.962500
v 3.454724 -5.931253 -7.568593
v 3.594039 -5.798816 -8.168872
v 3.583884 -5.302801 -8.756686
v 3.438890 -6.137515 -8.390890
v 3.352572 -5.843738 -9.145600
v 2.864016 -7.503792 -8.103073
v 3.328563 -6.812517 -8.414724
v 3.071404 -6.928881 -7.396560
v 3.369091 -6.372281 -7.701972
v 2.874102 -6.988747 -6.976575
v 2.365733 -6.762977 -6.147441
v 1.840991 -7.796765 -7.624773
v 2.030546 -7.678619 -7.554323
v 0.243629 -8.668919 -8.623039
v 0.734281 -8.539373 -8.850922
v 1.086804 -8.294504 -8.369095
v 0.903963 -7.991971 -7.468308
v 1.297628 -8.053795 -8.274471
v 1.127110 -7.591368 -7.186219
v 1.558468 -7.988922 -8.262711
v 1.129831 -7.360797 -6.584160
v 1.725459 -7.915885 -7.702015
v 1.497689 -7.575603 -6.723802
v 1.992577 -7.887317 -8.285381
v 2.263788 -7.670727 -7.485201
v 2.715466 -7.377450 -7.353975
v 0.188457 -7.319325 -5.804705
v 0.692132 -7.174958 -5.879313
v 0.381847 -6.685545 -4.692881
v 0.429338 -7.508252 -6.057339
v 0.756189 -7.653453 -6.649646
v 0.424610 -7.863009 -7.016405
v 1.631893 -8.092192 -9.439099
v 2.392115 -7.939628 -9.014538
v 1.920281 -7.953636 -8.888159
v 1.600134 -8.193628 -8.535341
v 1.321622 -8.332585 -9.879391
v 1.310099 -8.333326 -8.483333
v 2.339592 -7.999113 -8.452884
v 2.729736 -7.748462 -8.661504
v 2.528895 -7.750967 -7.919167
v 1.884871 -8.117640 -9.821727
v 0.694233 -8.530863 -9.601881
v 3.312515 -6.970982 -9.081838
v 2.943377 -7.429851 -9.286207
v 2.649966 -7.699925 -9.662370
v 2.061183 -7.848416 -10.256172
v 1.020338 -8.272676 -10.927242
v 0.617290 -8.451473 -10.474429
v 2.369771 -7.050415 -10.935054
v 3.363473 -7.059060 -9.421001
v 3.268062 -6.653115 -9.494868
v 2.981815 -6.688797 -10.173032
v 2.852683 -6.465042 -10.842740
v 2.529150 -6.863988 -11.022919
v 2.588257 -6.517577 -11.249981
v 1.938424 -6.529871 -11.909640
v 1.822298 -5.994204 -12.583471
v 1.735653 -6.172550 -12.513018
v 1.539987 -5.963371 -12.495319
v 1.189787 -5.863409 -12.852936
v 1.539264 -5.690987 -12.326083
v 1.400112 -5.362248 -12.615959
v 1.791196 -5.288843 -12.195697
v 2.151753 -4.955954 -12.131718
v 2.706089 -4.807209 -11.866903
v 3.178668 -6.275063 -10.452877
v 3.505980 -4.814418 -8.997833
v 3.366033 -4.459248 -8.409990
v 3.380351 -4.057160 -9.052302
v 3.330651 -4.186137 -9.460092
v 3.417382 -4.051945 -9.489136
v 3.182780 -4.419411 -10.595541
v 3.078912 -5.021157 -10.808609
v 3.003349 -4.654533 -11.377433
v 2.660352 -4.951271 -11.680206
v 1.797230 -5.473575 -12.234449
v 1.900688 -5.810692 -12.580864
v 2.782511 -6.113121 -11.188985
v 2.576770 -5.231623 -11.642251
v 2.776873 -4.524664 -11.704758
v 2.936892 -4.259300 -11.248087
v 3.026927 -3.815830 -10.250779
v 3.247461 -3.707240 -8.914329
v 3.253711 -3.994823 -8.679636
v 3.469931 -4.486593 -7.589699
v 3.400801 -4.549359 -6.623137
v 3.450721 -4.155229 -6.284977
v 3.650882 -3.733981 -6.294388
v 2.745322 -3.318661 -9.536930
v 2.819880 -3.562638 -10.050349
v 2.233711 -4.377992 -11.591234
v 2.880366 -3.932339 -11.052521
v 2.373724 -4.094402 -11.227612
v 2.234724 -3.743529 -10.813553
v 2.488925 -2.891604 -9.133953
v 2.212106 -3.059867 -10.183212
v 2.051587 -3.625994 -11.178183
v 2.147150 -2.871723 -10.541471
v 2.044554 -3.212625 -11.099997
v 2.081300 -2.406815 -9.852798
v 2.250937 -2.330209 -9.129061
v 2.749624 -2.456537 -8.514153
v 2.990406 -3.488306 -8.905071
v 2.850775 -3.131086 -8.970349
v 2.911127 -2.694841 -8.390752
v 2.777884 -2.186366 -7.823696
v 2.301289 -2.129190 -8.445827
v 1.448784 -1.961998 -10.159587
v 1.508029 -2.691565 -11.268716
v 1.893193 -3.377944 -11.718783
v 1.903058 -4.178998 -11.848887
v 2.073127 -4.596520 -11.857468
v 2.290711 -2.009697 -7.505299
v 2.515453 -1.956475 -7.039665
v 2.098174 -1.818832 -8.063452
v 1.826881 -1.637989 -8.816215
v 1.370049 -1.966947 -10.263590
v 1.417737 -2.271672 -11.203010
v 0.894674 -2.774525 -11.965796
v 0.910680 -2.552927 -11.900846
v 0.514875 -2.607351 -12.049798
v 0.759614 -2.162530 -11.238501
v 1.066115 -1.935076 -10.890488
v 0.308816 -3.073413 -12.381802
v 0.685336 -3.722389 -12.596737
v 1.431617 -3.432522 -12.172314
v 1.394571 -3.797971 -12.361763
v 1.783703 -3.604560 -12.292643
v 1.738672 -3.971682 -12.395396
v 1.810225 -3.582795 -12.094789
v 1.294834 -4.797435 -12.477144
v 1.576798 -4.166155 -12.635971
v 0.972563 -4.274920 -12.727812
v 1.608832 -4.907583 -12.233150
v 1.227278 -5.275447 -12.747272
v 1.082073 -4.857907 -12.829670
v 1.245077 -4.414985 -12.812744
v 0.610470 -4.445457 -12.824677
v 0.155597 -2.677132 -11.841640
v 0.737187 -1.908615 -10.189235
v 0.345989 -1.758535 -9.769112
v 0.822693 -1.719422 -9.969339
v 0.235064 -6.217453 -12.885906
v 0.452500 -5.830554 -13.051118
v 0.641017 -6.082588 -13.191467
v 0.590775 -5.371038 -12.923035
v 0.928077 -5.283031 -12.906297
v 0.807785 -4.730681 -12.992599
v 1.093538 -6.276215 -12.976563
v 0.610048 -6.320120 -13.076529
v 0.438870 -6.580593 -12.668252
v 0.800920 -6.775033 -12.421919
v 0.367776 -7.258904 -12.121121
v 0.204909 -7.419082 -11.956324
v 0.726841 -6.579938 -12.644691
v 1.041772 -6.513772 -12.312415
v 0.919986 -6.412621 -12.923333
v 0.420247 -7.467186 -11.726948
v 0.417149 -7.845020 -11.348081
v 1.200103 -7.523121 -11.460687
v 1.284945 -7.822525 -11.184305
v 1.612069 -7.337513 -11.401476
v 2.247256 -7.558842 -10.632694
v 2.294163 -7.299868 -10.776073
v 1.960850 -6.872556 -11.295347
v 1.771705 -6.640568 -11.781753
v 1.125041 -6.826161 -11.914913
v 1.055300 -7.209089 -12.121916
v 1.238580 -7.334418 -11.822899
v 0.826616 -7.384854 -11.940457
v 0.097235 -7.561507 -11.878372
v 0.059484 -8.099375 -11.595817
v 0.373573 -8.342572 -11.004091
v 0.490706 -8.195145 -11.191444
v -7.727296 -0.822558 -0.653395
v -7.904006 -1.700287 0.160282
v -8.071148 -1.205982 -0.108978
v -2.200517 1.117077 -1.446650
v -3.209820 0.563188 -1.494284
v -4.548563 -0.130002 -1.056036
v -4.752911 0.362695 -1.067716
v -6.503414 -0.228016 -1.089920
v -6.806371 0.152800 -0.783472
v -8.001190 -0.348422 -0.207480
v -4.844312 1.161664 -0.596561
v -3.413151 1.071009 -1.599293
v -4.651330 0.703566 -1.013676
v -3.378432 1.806509 -1.476478
v -2.355869 1.833675 -1.584087
v -1.292881 -2.931662 -2.248945
v -0.729898 -2.657929 -2.054263
v -0.182653 -3.148251 -1.757962
v -0.773372 -3.642364 -2.022517
v -1.134584 -3.292925 -2.097201
v -0.956014 -3.007681 -2.014972
v -1.122685 -1.464340 -7.533347
v -1.030867 -1.568679 -8.229135
v -1.266131 -1.604790 -8.485653
v -1.434441 -1.875767 -8.291923
v -1.906273 -1.844441 -7.666145
v -1.955508 -2.146262 -8.115274
v -2.190660 -2.333222 -8.424946
v -2.029015 -1.954183 -8.285004
v -0.416535 -1.825209 -10.460905
v -0.844571 -1.945141 -10.689282
v -0.157756 -1.834878 -10.496032
v -0.120655 -1.477194 -10.101104
v -0.388817 -1.491803 -10.198585
v -0.340464 -1.317032 -9.881192
v -0.972306 -1.562940 -9.839099
v -1.320445 -1.606475 -9.234855
v -1.543493 -1.876075 -8.957394
v -1.854945 -2.068725 -8.898262
v -2.212518 -2.160821 -8.692664
v -2.240162 -2.396224 -9.393695
v -2.277271 -2.773824 -9.616982
v -0.116350 -1.364987 -9.698386
v -0.295689 -2.096083 -11.155501
v -1.751812 -1.857295 -9.152062
v -0.921001 -1.452433 -7.576613
v -0.677289 -1.366410 -8.544139
v -0.269421 -1.368330 -8.731790
v 0.147165 -1.648032 -9.350107
v 0.089659 -1.898667 -10.217268
v 0.046436 -2.498594 -11.486043
v -0.289661 -2.470146 -11.673938
v -0.315759 -3.025698 -12.170813
v -0.467211 -2.665053 -12.012886
v -0.531156 -1.274660 -7.565431
v -0.059500 -1.271268 -7.801321
v 0.172347 -1.316828 -7.991537
v 0.257394 -1.596484 -8.811778
v -0.273462 -3.519588 -12.688784
v -0.324873 -7.973214 -7.296429
v -0.976448 -8.324088 -8.143066
v -0.240032 -8.550901 -8.534477
v -1.324538 -7.761196 -7.430977
v -1.597038 -8.028963 -8.386065
v -1.217272 -8.306261 -8.495307
v -1.688902 -7.125386 -7.093795
v -1.659892 -7.603004 -7.699484
v -1.828785 -7.634062 -8.377052
v -2.033433 -6.849324 -5.559095
v -1.537967 -6.740497 -5.781218
v -0.250642 -7.501200 -6.279464
v -0.667803 -7.536511 -6.796334
v -0.631330 -7.102580 -5.837007
v -0.991376 -7.044306 -5.905142
v -0.898114 -6.575825 -5.028075
v -1.404366 -6.568864 -5.017701
v -1.731032 -6.203484 -4.690634
v -2.299446 -5.868374 -5.314075
v -0.153862 -6.910182 -5.381269
v -0.223727 -6.546090 -4.527588
v -1.225879 -6.393658 -4.523836
v -1.103742 -6.401243 -4.173195
v 0.580130 -5.895917 -3.415158
v 0.016305 -5.518068 -2.863355
v -0.461200 -5.829253 -3.347764
v -0.683963 -5.561843 -3.125886
v -0.788114 -6.474404 -4.021838
v -0.860800 -6.606221 -4.402733
v -0.978163 -6.441947 -4.767853
v -0.612791 -6.600527 -4.271799
v -0.070673 -6.225554 -3.894849
v 0.455015 -6.242916 -3.969992
v 0.831448 -6.226276 -3.922788
v 1.226214 -6.046462 -3.983089
v -2.996126 -5.339577 -7.297193
v -3.370238 -5.590366 -8.374757
v -3.194339 -5.284474 -7.714531
v -2.977284 -5.929549 -8.186152
v 1.015018 -7.026195 -5.445425
v 1.472969 -7.284047 -6.147732
v 1.019007 -6.611985 -4.753862
v 1.437166 -6.569691 -5.312763
v 1.898714 -6.812088 -6.205082
v 1.768556 -7.041317 -6.381772
v 1.646493 -6.319291 -4.748390
v 2.936719 -5.621415 -11.390462
v 2.868729 -5.394564 -11.252546
v 3.235296 -5.203686 -10.246952
v 3.086898 -5.807910 -10.485253
v 3.294178 -5.803833 -9.963693
v 3.310421 -5.213991 -9.481837
v -1.778939 -1.958628 -9.628835
v -1.000088 -1.925260 -10.351098
v -1.324486 -1.978004 -10.443206
v -1.676286 -2.273573 -10.670542
v -2.106989 -2.156987 -9.626169
v -2.005955 -2.840067 -10.695366
v -2.098994 -2.776465 -10.186064
v -2.054372 -3.410155 -11.156481
v -2.319942 -3.249568 -11.191916
v -2.743195 -3.318681 -11.202830
v -2.011189 -3.626272 -11.403832
v -1.801297 -3.528424 -12.053331
v -1.710570 -3.863450 -11.817557
v -1.901133 -2.148398 -9.362084
v -1.375350 -1.893441 -10.854280
v -1.692817 -2.637337 -11.258344
v -1.953984 -2.987807 -11.599879
v -1.741796 -3.236952 -12.352361
v -1.569709 -3.568119 -12.182450
v -1.356299 -4.025166 -12.274085
v -2.898715 -3.528606 -10.657312
v -2.460011 -2.996567 -10.401828
v -2.835695 -3.222941 -9.808017
v -2.605814 -3.130831 -11.148170
v 2.113428 -1.873002 -6.011098
v 1.446572 -1.711218 -4.525188
v 2.229896 -2.272052 -4.992646
v 2.449679 -2.026802 -6.597584
v 2.002718 -1.804431 -6.625247
v 2.528433 -2.116045 -6.341370
v 2.616359 -2.672182 -5.164124
v 3.484298 -3.562770 -5.789729
v 3.095448 -3.647359 -4.881196
v 3.437847 -3.320871 -5.951005
v 2.869327 -3.534508 -4.813101
v 2.999095 -3.239727 -5.692340
v 2.094854 -2.498187 -4.184042
v 2.118537 -2.302135 -4.310462
v 1.105065 -1.406715 -4.396036
v 2.684259 -2.394761 -6.407620
v 2.750031 -2.625985 -5.924849
v 2.764451 -2.909596 -5.605426
v 2.968552 -3.223813 -6.256422
v 3.565722 -3.488699 -6.308291
v 3.507697 -4.068223 -6.775402
v 3.129843 -3.589166 -7.554101
v 3.113708 -3.462904 -8.293941
v 3.077370 -2.778757 -8.137450
v 3.061554 -3.041620 -7.685990
v 3.138607 -3.450030 -6.542453
v 3.430304 -3.694872 -6.661759
v 1.388202 -1.538328 -9.259696
v 1.659979 -1.372864 -8.441389
v 1.499826 -1.520616 -7.491848
v 3.068728 -2.784401 -7.540961
v 2.742991 -2.711801 -6.668201
v 0.742134 -1.472362 -9.401361
v 1.007971 -1.342561 -7.867646
v 1.104674 -1.364064 -6.963778
v 1.354985 -1.568490 -6.380746
v 0.893642 -1.176205 -5.964880
v 1.527469 -1.456197 -5.192761
v 0.517608 -1.226694 -6.350963
v 0.593771 -1.175679 -7.275640
v 0.766992 -1.395593 -8.583923
v 1.785559 -2.320195 -3.352755
v 1.875283 -2.063456 -3.732586
v 1.540720 -2.174774 -2.965907
v 1.587234 -1.891039 -3.642380
v 2.444020 -3.211886 -3.940665
v 2.832981 -3.502864 -4.271290
v 4.140400 -3.610357 5.219679
v 3.804637 -4.146543 5.424992
v 4.870645 -3.874587 5.697604
v 2.395539 -3.928005 3.879762
v 3.561370 -4.838074 5.345805
v 4.355577 -5.402286 6.082142
v 5.042717 -5.983185 6.001487
v 4.951622 -5.218743 6.202672
v 5.405313 -5.551704 6.060602
v 5.389918 -4.552268 6.072897
v 6.039987 -4.818710 5.812610
v 5.960169 -4.294580 5.761927
v 5.607203 -3.782065 5.514193
v 4.420553 -3.283533 4.854405
v 3.465548 -3.076363 4.264976
v 2.408652 -3.387341 3.771011
v 1.361177 -3.265709 2.592454
v 1.200119 -4.069416 2.220631
v 3.347994 -5.123808 4.953017
v 4.133934 -5.457683 5.875375
v 4.071476 -2.844802 3.843396
v 1.801910 -2.635379 2.732362
v 2.481889 -2.953684 3.578976
v 2.790726 -2.534364 3.304908
v 3.019411 -2.229195 2.821809
v 3.447667 -2.184258 2.343975
v 4.623695 -2.981420 3.371319
v 5.229876 -3.357436 4.759298
v 2.442433 -1.898688 1.478030
v 1.788748 -2.279307 2.204835
v 1.109075 -2.906640 2.252994
v 0.871690 -3.428349 2.166072
v 0.851520 -4.206626 1.508431
v 1.372874 -4.687695 1.638049
v 1.501564 -4.797599 1.110943
v 2.183441 -5.391223 1.732937
v 2.484458 -5.360265 0.964937
v 2.897741 -5.639622 1.519220
v 3.485588 -5.564153 1.408574
v 5.199289 -6.363428 4.025818
v 5.619328 -6.106113 3.750014
v 5.975561 -6.369471 4.729715
v 6.310186 -5.960344 4.282287
v 6.599816 -5.687859 4.754035
v 1.297743 -4.394666 0.205963
v 6.515140 -5.307472 5.254755
v 6.607749 -4.577078 5.215134
v 6.137791 -6.088713 5.265598
v 5.636668 -6.445711 5.263618
v 5.172571 -6.498417 4.693991
v 3.650530 -6.021928 2.817767
v 2.998980 -5.080026 0.512617
v 3.758510 -5.263104 1.140871
v 0.793203 -3.946075 1.533854
v 1.247336 -4.126403 0.030887
v 1.766209 -4.493306 -0.092529
v 2.670217 -4.600621 -0.104378
v 3.712666 -4.775912 0.644296
v 4.720595 -5.721278 2.539869
v 6.227155 -5.669046 3.822014
v 6.725956 -5.108397 4.387137
v 6.317827 -4.982779 3.666401
v 6.613649 -4.409027 4.404324
v 1.515802 -3.836915 -0.203748
v 1.872544 -3.994184 -0.459728
v 4.899485 -5.200747 2.269756
v 6.012402 -5.265772 3.381071
v 2.043323 -3.342038 -0.454517
v 1.448247 -3.181827 0.589331
v 2.305478 -3.472619 -0.538183
v 3.291263 -4.098041 -0.022246
v 3.951788 -4.064936 0.569685
v 5.066321 -4.413275 2.291167
v 6.140232 -4.179605 3.690421
v 5.061503 -3.683887 2.537099
v 4.943300 -3.300104 2.897944
v 3.962582 -2.785384 1.131059
v 3.788078 -2.417707 1.441479
v 3.172287 -2.474825 0.414994
v 2.704665 -2.135509 0.712395
v 2.870875 -2.768579 -0.081225
v 3.653474 -3.500746 0.239516
v 4.208935 -3.484960 0.980125
v 3.713647 -3.009779 0.512483
v 2.224276 -2.558302 0.618729
v 1.400909 -3.036881 1.306622
v 2.129462 -2.034189 1.544547
v 1.132551 -3.568106 0.743726
v 6.127223 -3.763626 4.381296
v 3.578445 -2.221624 1.868607
v 1.102556 -3.406634 1.465192
v 6.394862 -4.050032 5.110808
v 5.915940 -3.611719 4.721051
v 6.126465 -5.494693 5.617435
v 5.537957 -6.097308 5.776338
v 3.824329 -5.758070 5.232715
v 2.876145 -5.125880 4.092467
v 3.134528 -5.627348 3.850504
v 1.602967 -4.688664 2.326216
v 2.286307 -5.394376 2.463447
v 4.437932 -6.201495 5.493458
v 2.887613 -5.775571 2.438556
v 4.756166 -6.423532 4.972653
v 5.100114 -6.401417 5.540958
v 4.588808 -6.018708 5.914670
v 4.573751 -4.575605 6.040855
v 7.540646 -1.146613 1.754362
v 6.925528 -0.297549 1.906744
v 6.345568 -0.628276 1.757796
v 7.541495 -0.060182 1.719738
v 6.763444 0.514183 1.630249
v 8.204004 -0.799935 1.239944
v 7.765093 0.230854 1.412912
v 6.908054 0.813093 1.234901
v 4.994335 1.443125 0.832082
v 5.343682 0.828773 1.428543
v 7.246213 0.777701 0.617772
v 7.946067 0.317620 0.904268
v 8.380045 -0.732485 0.812658
v 8.090693 -1.437736 1.001237
v 7.508923 -1.678767 1.409423
v 6.970887 -1.465955 1.619918
v 6.099029 -0.970293 1.382715
v 6.835656 -1.764115 0.905492
v 6.064112 -1.158809 0.679418
v 7.136961 -1.626707 0.108430
v 5.766887 -0.892219 -0.047327
v 6.116864 -0.582814 -0.616339
v 7.308708 -1.894975 0.941756
v 4.863315 1.552813 0.364787
v 3.251537 2.617262 0.217044
v 8.073193 -1.356507 0.338977
v 7.708802 -1.757090 0.555540
v 7.360008 -1.124535 -0.426163
v 6.669288 -0.206489 -0.800366
v 4.741338 0.267176 -0.872065
v 6.691125 0.288337 -0.698627
v 4.905226 0.759371 -0.747448
v 6.929784 0.602685 -0.280367
v 4.771430 1.071839 -0.629571
v 4.883616 1.429091 -0.099604
v 3.466519 2.180365 -0.974991
v 3.417676 2.477813 -0.555042
v 2.372248 2.663063 -0.811042
v 2.054439 2.705281 0.099619
v 2.043023 2.446947 -0.772916
v 3.401862 0.968649 -1.294610
v 3.572924 1.497390 -1.256899
v 4.720475 -0.274475 -0.640752
v 3.179597 0.431550 -1.123759
v 2.351355 1.439044 -1.240587
v 2.461196 2.175349 -1.192364
v 1.734664 1.256007 -0.513522
v 1.980548 0.428170 -0.529836
v 2.958890 0.138806 -0.761051
v 1.683750 2.307911 0.258684
v 1.637096 0.871869 0.205164
v 2.510428 0.099876 0.489050
v 3.383145 -0.250859 -0.234982
v 4.630268 -0.684733 0.343110
v 5.182695 -0.805355 0.988251
v 4.201481 0.006177 1.268452
v 4.620061 0.594815 1.503455
v 1.763213 0.954472 0.812294
v 4.111369 -0.258505 0.966984
v 2.581350 0.343151 1.005925
v 1.877642 1.297143 1.095878
v 1.868961 2.438530 0.542672
v 3.203146 0.678621 1.487863
v 2.706121 1.580837 1.491513
v 2.852121 2.375006 0.946716
v 3.588088 1.866736 1.349620
v 4.694426 1.250767 1.288747
v 3.406698 1.225364 1.593138
v -0.923076 -7.961536 -7.334018
v -1.211035 -7.439155 -6.943055
v 1.345693 1.787494 -1.654242
v 2.738307 0.278273 -1.133369
v 1.757825 0.330366 -1.777983
v 2.697337 0.700497 -0.959593
v 3.116415 0.066485 -0.692719
v 3.052063 0.504273 -0.487501
v 3.299373 -0.216827 -0.209237
v 3.298980 -1.382614 -0.614093
v 0.870443 1.765173 -1.942365
v 0.738650 2.776541 -1.300555
v 0.656998 0.568559 -2.451742
v 0.792104 -0.576442 -2.524827
v 0.082943 3.375214 -1.291963
v 0.663555 3.402417 -1.082975
v 1.023657 2.946469 -1.003016
v 1.566679 2.140189 -1.277630
v 2.446900 1.608911 -0.599408
v 2.066665 2.139775 -0.637655
v 2.456250 1.782234 0.028549
v 1.297053 2.883258 -0.631112
v 1.120865 3.578142 -0.616738
v 0.845625 3.745125 -0.709135
v -0.446615 3.537609 -1.111466
v -0.674931 3.071964 -1.235050
v -0.189047 2.672319 -1.482185
v 0.084685 1.864343 -2.079600
v 0.251426 1.155464 -2.407405
v 0.059933 0.237964 -2.661503
v 0.318304 -0.655474 -2.712265
v 2.020697 2.279063 0.080844
v 1.434055 2.797104 0.153805
v -0.822657 3.765348 -0.658544
v -0.042187 3.960450 -0.123321
v 0.537159 3.978635 0.244188
v 0.921626 3.855380 -0.114930
v 1.156073 3.651619 -0.103335
v 1.235338 3.087190 0.183520
v 1.159617 2.853991 0.706721
v 2.140680 1.877783 0.711561
v 2.730857 0.716468 1.061695
v 2.959223 0.771554 0.409006
v 3.196265 -0.247095 0.685400
v 3.018659 -0.409217 1.171000
v 3.091869 -1.464687 1.131388
v 1.922513 -1.558837 2.478400
v 1.577549 -1.157387 2.659193
v 1.315487 -2.540653 2.747702
v 2.186634 -0.461675 2.145161
v 2.707998 -1.006347 1.736668
v 2.635609 0.246303 1.515112
v 2.225455 1.233560 1.309909
v 1.065180 2.744323 0.913509
v 0.909566 3.634268 0.682712
v 0.732690 3.879638 0.561612
v 1.382718 -0.470088 2.566114
v 1.695510 0.658974 1.974861
v 2.273440 0.702213 1.640532
v 1.794665 1.329012 1.562025
v -2.223083 1.880983 0.558012
v -1.374184 2.926199 0.023635
v -2.191642 2.148268 -0.151755
v -1.404415 2.876434 -0.399283
v -1.260976 3.603630 -0.242151
v -1.116487 3.627036 -0.695452
v -1.012245 3.849642 0.054765
v -0.652656 3.961341 0.147548
v -0.736359 3.859760 0.588420
v 0.381854 3.669368 0.905821
v 0.394234 3.430848 1.053574
v 0.829546 2.690185 1.086762
v 0.808330 1.862098 1.646322
v -1.396530 2.783493 -0.684888
v -1.109915 3.625562 0.466626
v -1.321928 2.885096 0.440949
v -0.194326 2.717939 1.176403
v -0.644804 2.729894 1.126636
v -0.593155 3.536400 0.969699
v -0.880989 3.595696 0.800179
v -1.135874 2.784776 0.879605
v 0.276731 2.643725 1.210354
v -0.512191 2.096799 1.603674
v -1.106361 2.551103 1.046507
v -2.199385 1.530471 1.010940
v -2.819193 0.961082 0.481787
v -2.528601 1.678024 0.037826
v -2.293896 1.932397 -0.549988
v -1.105239 2.905944 -1.002943
v -2.746784 0.566561 1.056132
v -2.241051 0.336217 1.777178
v -2.333669 0.827519 1.421054
v -1.750052 1.352382 1.532926
v -1.483761 0.976297 1.877266
v -0.695776 0.151437 2.500589
v -0.849862 -0.726691 2.839523
v 0.087120 -0.490480 2.878194
v -0.129944 -1.253609 3.027746
v -0.857753 -1.587587 2.924925
v -1.741108 -0.774903 2.479752
v -1.376809 -1.615593 2.746936
v -0.963656 -2.591659 2.806036
v -0.323188 -2.360415 2.957740
v 0.408870 -2.255555 2.970900
v 0.772493 -1.558225 2.961379
v 0.680749 -0.934120 2.939935
v 0.501946 -0.390706 2.785225
v 0.269467 2.071510 1.642266
v -0.120585 0.910538 2.196758
v 0.561756 -2.792452 2.868756
v -0.594907 -3.259837 2.675280
v -1.328985 -2.910819 2.626515
v -2.047863 -1.875479 2.350035
v -2.365775 -0.637361 1.983848
v 0.366179 -3.228014 2.720576
v 2.375971 -2.274704 2.026751
v 1.740462 -2.781168 2.473141
v 1.268046 -3.257809 2.538675
v 0.824121 -3.669218 2.379948
v -0.299778 -3.854199 2.271465
v -1.295181 -3.619534 2.271915
v -1.908504 -3.101893 2.210136
v -2.453068 -2.477336 1.847557
v -2.675164 -1.325521 1.735752
v -2.887623 -2.194568 1.277827
v -3.096992 -2.595982 0.530246
v -2.534952 -3.099380 1.562453
v -2.081521 -3.669096 1.724808
v -1.513371 -4.025662 1.797514
v -0.456983 -4.214650 1.857304
v 0.910397 -4.127182 1.916799
v 1.618216 -3.876343 1.916646
v 1.942786 -3.497176 2.003335
v 2.270327 -3.072595 1.931453
v 2.953313 -2.663429 1.082070
v 3.312204 -1.617070 0.496727
v 3.320657 -0.297596 0.168498
v 3.028204 0.750190 -0.081028
v 3.141788 -2.873049 0.204353
v 3.246569 -2.284879 -0.337176
v 3.375889 -1.403676 -0.035099
v 2.791028 -3.240650 1.060197
v 2.489740 -3.608934 1.287402
v 2.205551 -3.930055 1.265313
v 1.582851 -4.210923 1.444537
v 0.817440 -4.484351 1.278345
v 1.340090 -4.486057 0.836965
v 0.233363 -4.657844 0.718583
v 0.624145 -4.650054 -0.109451
v -0.077085 -4.700967 0.009540
v 0.042347 -4.560571 -1.044785
v 0.722477 -4.553719 -0.730093
v 0.711769 -4.356962 -1.367790
v 1.847486 -4.312910 -0.096297
v -0.200110 -4.219181 -1.717597
v 1.491657 -4.474501 0.281174
v 1.948118 -4.251291 0.873805
v 2.419904 -3.987137 0.457766
v 2.775036 -3.592373 0.420904
v 2.956583 -3.240459 -0.195825
v 2.944373 -2.978428 -0.684732
v 2.552341 -3.740657 -0.396173
v 1.788797 -3.951174 -1.145827
v 1.867218 -4.179285 -0.568548
v 2.446772 -3.445024 -1.077275
v 2.925972 -2.509567 -1.059739
v 0.832869 -1.188887 -2.534282
v 2.480335 -0.110423 -1.433217
v 2.937101 -0.714141 -1.173919
v 3.175997 -0.964479 -0.881367
v 2.823736 -1.971382 -1.333616
v 2.249646 -2.992597 -1.558102
v 1.709803 -3.575786 -1.598269
v 0.971781 -4.069900 -1.626410
v 0.367595 -4.066799 -1.869695
v 2.560620 -1.465468 -1.557485
v 0.104582 -3.577538 -2.244026
v 0.663093 -3.690829 -2.079484
v 0.055742 -3.075658 -2.469847
v 0.811829 -3.056471 -2.317800
v 0.203145 -2.476934 -2.617135
v 0.498420 -1.811513 -2.654670
v 0.015257 -1.609785 -2.736588
v 1.030142 -2.091451 -2.404859
v 2.202934 -2.464138 -1.722707
v -3.324523 -0.429777 0.162867
v -3.252017 -0.006920 -0.366607
v -3.339491 -0.661965 -0.217642
v -3.197521 -1.179056 -0.820632
v -3.066334 -0.403437 -0.954770
v -3.257128 -1.731128 -0.512754
v -3.327338 -1.476539 0.198208
v -3.200306 -1.066984 0.816560
v -3.034201 0.434102 -0.624558
v -2.698740 0.405190 -1.099862
v -2.972783 0.857540 -0.261727
v -3.098238 0.626647 0.065698
v -3.120950 0.219337 0.560338
v -2.879119 -0.319477 1.313840
v -2.389032 1.507714 -0.826287
v -1.470047 2.056470 -1.453823
v -2.294220 0.318777 -1.452363
v -1.484979 1.335693 -1.729114
v -1.585403 -0.134480 -1.962028
v -0.753597 0.449693 -2.426631
v -1.415303 -1.343975 -2.190642
v -0.572497 -1.010377 -2.638586
v -0.382001 0.175724 -2.624290
v -0.695402 1.171289 -2.265900
v -0.621221 1.734752 -2.059112
v -0.927087 2.693283 -1.297020
v -0.154093 1.216764 -2.400543
v -0.538216 -3.714961 -2.077772
v -0.598323 -3.239140 -2.287983
v -0.547276 -2.495410 -2.520325
v -0.143966 -0.473578 -2.730112
v -0.756677 -1.961070 -2.509562
v -2.140910 -2.844571 -1.692719
v -1.708865 -3.627724 -1.554699
v -0.961110 -4.038064 -1.622371
v -0.851259 -4.298873 -1.313677
v -0.458831 -4.576519 -0.826256
v -1.514174 -4.356945 -0.548553
v -1.126887 -4.540128 -0.216298
v -1.902850 -4.311291 0.492897
v -1.135458 -4.570586 0.654460
v -1.723303 -4.317885 1.070226
v -1.229135 -4.375963 1.353928
v -1.757606 -4.027659 -1.050561
v -2.334799 -3.805016 -0.688782
v -2.344463 -3.456482 -1.196949
v -0.503637 -4.519295 1.275648
v 0.143334 -4.395370 1.595869
v -2.514952 -2.772230 -1.457272
v -2.652815 -2.981885 -1.181522
v -2.822500 -3.163032 -0.663930
v -3.038019 -2.316643 -0.900396
v -3.104573 -2.706135 -0.160609
v -2.876796 -3.314600 -0.007599
v -2.691210 -3.528344 0.840891
v -2.467207 -3.552387 1.332331
v -2.215764 -4.033837 1.018892
v -2.244159 -4.075832 0.050013
v -2.598048 -3.737823 0.021988
v -2.819474 -1.619645 -1.373340
v -2.550788 -1.853292 -1.584154
v -2.582921 -0.464543 -1.439251
v -1.053435 3.668979 3.311865
v -2.210039 4.359234 3.908307
v -2.542598 4.145192 3.246213
v -2.814918 3.928465 0.535097
v -3.467080 4.594039 1.883654
v -2.822264 5.216265 4.402655
v -3.684614 5.669777 3.300933
v -0.657458 4.861645 5.253788
v 0.128547 4.245934 4.669989
v 0.165797 3.672922 3.372666
v -0.550918 3.284584 1.637295
v -1.476283 3.230282 0.236425
v -2.945406 4.020893 -0.163077
v -4.108609 5.316913 0.354336
v -3.442084 4.654001 -1.053212
v -4.342336 6.364525 -1.134377
v -3.586486 5.950287 -2.273750
v -3.946990 7.492992 -2.662655
v -2.448384 5.279971 -3.284425
v 0.647505 3.243416 1.296901
v 0.877520 3.125760 0.555170
v -0.799026 3.066687 0.138500
v 1.065686 3.209582 -0.499231
v 2.300806 3.748822 0.085569
v -0.278581 3.131251 -0.856936
v -1.548754 3.447147 -1.046916
v 1.680065 4.027941 3.708819
v 2.348663 3.983502 2.019819
v -3.792527 7.953890 -3.435769
v -2.792842 6.626431 -3.647240
v -2.254447 4.488479 -2.520333
v -1.075205 3.812808 -2.187407
v 0.003659 3.522726 -1.831028
v 1.684470 4.342581 -2.688685
v 2.286568 3.908264 -1.036405
v 2.416004 5.272772 -3.174118
v 1.262045 4.528235 -3.314166
v 1.672185 4.993495 -3.723851
v 0.569733 4.942577 -5.725515
v 1.100274 5.108841 -5.200083
v -0.182953 4.164274 -2.869194
v 0.605318 4.305677 -3.103031
v -0.642284 4.322433 -3.167553
v -1.521180 4.701553 -3.475512
v -1.811559 5.146479 -3.821118
v -2.069502 6.079278 -4.255146
v -1.955063 7.322799 -4.572159
v -1.975982 6.840199 -4.625844
v -1.647905 7.365592 -4.770438
v -1.063057 6.822964 -7.812801
v -0.105604 6.911039 -9.760272
v -1.339104 6.300407 -7.589383
v -1.015510 6.032524 -8.396528
v -1.099051 5.413424 -7.221297
v -1.396835 8.013968 -4.626928
v -1.714540 6.119259 -5.577525
v -1.533479 5.587024 -5.332672
v 0.020336 4.553338 -4.679278
v -0.652644 4.568825 -4.395923
v -1.157464 5.128817 -5.295838
v -0.583078 4.936258 -5.801545
v -0.495652 5.159018 -7.642813
v 0.144028 5.175306 -7.926528
v 0.932114 5.292312 -7.466393
v 1.528227 5.616746 -5.224948
v 2.010469 5.994999 -4.183290
v 2.018676 6.794271 -4.467788
v 2.729269 6.817800 -3.647814
v 2.153099 7.580849 -4.399726
v 2.893037 8.007249 -4.281507
v 2.359346 8.037445 -4.555775
v 2.582614 8.643996 -5.660451
v 2.020887 8.766636 -5.829576
v 1.831868 8.248280 -4.683058
v 3.393557 7.968670 -3.726712
v -0.018493 6.027199 -9.728117
v 0.800724 6.000153 -8.774921
v 1.291204 5.739477 -7.303743
v 0.183295 6.541762 -9.963504
v -0.106284 6.478253 -9.987257
v 0.270617 7.046021 -9.089780
v 0.965336 6.768340 -8.255741
v 0.757962 7.324621 -6.945979
v 1.413779 7.453496 -5.005399
v 0.990296 7.762377 -4.797045
v 1.694290 7.374688 -4.687722
v 1.840957 6.590510 -5.064566
v 1.244726 6.374574 -7.931931
v 0.010729 7.908823 -5.080124
v -0.327729 8.636069 -4.452001
v -0.897359 7.748589 -4.950529
v 1.072300 8.673235 -4.506088
v 1.624150 7.976449 -4.539670
v 0.716033 8.303563 -4.553605
v 0.379080 9.244676 -4.294837
v 0.099669 9.590050 -4.215936
v 0.380501 10.495101 -4.185186
v 0.021027 10.155277 -3.993388
v -0.348805 9.729919 -4.217523
v -1.115064 9.822486 -6.086570
v -0.838487 9.275047 -4.591572
v -1.492448 9.066280 -5.614656
v -0.631729 9.890155 -4.552752
v -1.411069 8.725912 -4.887217
v 4.002263 9.839568 -5.044172
v 3.845521 10.800137 -5.407707
v 4.256346 9.934288 -3.625072
v 4.046617 11.128486 -4.021924
v 3.879340 10.888389 -2.436134
v 3.352309 11.936732 -3.225644
v 2.856014 12.033573 -1.759486
v 2.741207 12.525283 -3.607993
v 2.225359 12.574592 -2.768444
v 2.151433 12.513269 -4.733871
v 1.737486 12.466549 -3.509529
v 1.686672 11.860296 -5.795488
v 0.480836 11.073365 -3.640273
v 0.029440 10.687547 -3.567457
v -0.127045 10.451989 -3.791946
v -0.398977 10.560019 -3.901747
v -0.345646 10.796821 -3.525009
v 2.662116 12.451081 -4.852385
v 1.339577 12.263943 -1.746820
v 2.298528 12.241004 -0.891517
v 1.336231 8.979125 -5.170823
v 0.816399 9.441258 -4.844493
v 0.475381 9.907986 -4.503502
v 1.530637 10.491349 -7.639483
v 2.307193 11.788227 -6.706134
v 2.948189 11.790260 -6.649711
v 3.144749 12.128041 -4.742132
v 4.008572 10.533529 -6.913839
v 3.901916 8.269575 -3.188745
v 3.506880 8.761830 -4.765973
v 3.057574 8.724029 -5.549042
v 2.731344 8.864765 -8.534337
v 2.088236 9.065112 -8.276216
v 1.797585 9.622568 -8.668658
v 2.349869 9.887820 -9.477731
v 2.805883 10.460827 -8.954468
v 3.539217 10.799560 -8.014911
v 3.809869 9.853203 -8.312594
v 3.178267 9.645805 -9.300551
v 3.381191 9.048004 -8.443900
v 3.878514 9.424347 -7.430333
v 2.551024 9.294710 -9.278459
v 3.775581 9.217505 -4.934489
v 3.998224 8.797596 -3.845847
v 4.233675 9.290014 -3.682506
v 4.089653 8.561207 -2.531384
v 3.981167 9.938449 -1.502963
v 3.740207 10.568519 -1.419307
v 2.704099 11.906906 -0.684021
v 3.040869 11.179572 0.219404
v 2.001915 11.338770 2.030943
v 3.829521 7.602121 -2.524035
v 4.418428 8.490304 0.328142
v 4.082705 8.779825 -1.864575
v 4.061402 9.372342 1.320266
v 4.065751 8.593757 2.079643
v 3.530739 9.620708 2.346022
v 3.608016 8.554117 2.899873
v 2.785542 9.681074 3.212572
v 3.349842 10.428206 1.639987
v 4.481944 7.227921 -0.295127
v 4.424913 7.361576 1.185313
v 3.799773 7.056920 2.860771
v 2.077119 10.377706 3.263600
v 2.260635 9.379495 3.724734
v 3.081278 7.974652 3.473907
v 3.471597 6.848757 3.804443
v 3.629974 6.543155 3.563172
v 4.120752 5.931166 1.672005
v 4.474866 6.813776 0.343537
v 4.091102 5.972051 -0.930639
v 4.046064 5.541972 0.773306
v 3.481186 4.773656 -0.527402
v 0.853836 7.389611 4.751729
v -0.127854 7.313700 4.959258
v 1.121153 6.879329 5.582989
v 2.518831 7.116883 4.226451
v 1.715456 6.646161 5.559350
v 2.895988 6.274963 4.558033
v 2.827757 5.425798 4.293374
v 3.267664 4.614532 1.629793
v 3.261321 4.416873 0.136412
v 2.213528 4.320584 3.779112
v 1.868115 4.622390 4.464391
v 2.145369 5.696008 5.113134
v 1.092529 5.102157 5.338876
v 1.450894 6.309999 5.720947
v -0.006640 6.400564 5.817502
v -0.120860 5.724677 5.763889
v -0.045943 4.877711 5.349336
v -2.866461 6.019475 4.764371
v -1.846680 5.869706 5.476947
v -1.779437 6.558216 5.622618
v -2.592001 6.782213 4.684310
v -3.728989 6.834295 3.775048
v -3.118688 7.488057 3.715096
v -3.892997 7.366329 2.955407
v -3.581536 8.939513 2.944828
v -1.293772 7.226322 4.825339
v -1.481442 6.799172 5.546961
v -1.146994 7.644607 4.673450
v -2.841307 8.121554 3.634677
v -3.889338 6.448419 3.579545
v -4.115403 6.447519 2.672157
v -4.146804 8.435632 2.335297
v -4.652658 7.586058 1.069431
v -2.394670 9.428991 3.781991
v -0.799043 9.024978 4.553683
v -0.642537 10.445930 3.835816
v -4.278270 5.843421 1.735109
v -4.636461 6.818489 0.120876
v -4.676046 8.408550 -0.011240
v -4.413340 9.130644 1.109027
v -3.968285 9.600050 1.870343
v -3.712498 10.447865 1.069668
v -2.419672 11.216620 2.017369
v -2.734601 11.570774 0.424933
v -3.399983 11.174353 -0.517769
v -3.973414 10.406638 -1.425196
v -4.237973 9.579620 -1.240713
v -4.141682 10.124349 -1.871958
v -3.180784 12.278970 -4.768581
v -3.575421 11.110947 -7.589223
v -3.536489 11.563967 -5.657061
v -4.109776 10.347656 -7.594475
v -4.047019 10.671149 -5.372711
v -4.149741 9.852708 -5.209821
v -4.358129 10.503159 -3.940768
v -4.430135 9.449980 -3.643315
v -4.205853 8.482810 -2.803069
v -4.240837 8.104055 -1.997121
v -4.056425 9.397409 -5.069382
v -4.276413 9.004268 -4.037693
v -4.110412 9.578822 -7.516565
v -3.736399 9.042711 -5.902617
v -3.661860 8.779059 -5.002957
v -3.628448 11.793266 -3.318839
v -3.267774 11.688480 -1.725720
v -3.003427 12.415397 -3.347268
v -2.826292 12.061488 -0.965601
v -2.537562 12.519828 -2.970282
v -2.705569 12.531810 -4.304674
v -2.261428 12.531787 -3.416730
v -2.361574 12.404050 -5.008000
v -2.778859 11.779831 -6.878706
v -3.407165 10.281952 -9.093200
v -3.681036 9.479416 -8.929196
v -3.440180 8.816321 -8.026181
v -2.759979 8.621810 -6.179071
v -3.380193 8.352913 -4.676275
v -2.486543 7.604851 -4.406034
v -2.173020 8.037735 -4.728658
v -2.122136 8.554610 -5.451121
v -2.394584 8.771748 -8.101339
v -2.990740 8.970821 -9.207514
v -2.728930 9.511242 -9.749399
v -2.860779 10.435752 -9.209112
v -2.053043 12.011053 -5.894946
v -2.787935 7.948076 -4.533560
v -3.344030 7.883756 -3.992122
v -2.785500 8.457932 -5.480535
v -0.710956 10.533072 -4.589569
v -1.625124 9.823611 -8.318596
v -1.957024 9.318228 -8.963943
v -2.329190 10.106391 -9.378557
v -1.611460 10.960650 -6.960683
v -1.122407 11.220534 -4.741281
v -0.720500 11.331132 -3.153299
v -0.210158 11.160361 -2.859602
v 0.368731 11.985068 -1.398601
v 0.734389 11.777090 -2.450752
v 0.469418 11.332930 -3.011100
v -0.978211 11.788375 -2.307266
v -1.446536 12.189813 -0.607824
v -1.898204 12.323253 -1.661322
v -2.434920 12.309136 -1.225517
v -1.820158 12.301632 -3.698370
v 1.449242 12.209155 -0.275049
v -0.266535 12.204497 1.068443
v 0.506380 12.049061 1.545335
v -0.129697 11.678077 2.418705
v 0.823381 11.245708 2.956041
v 0.207178 9.179329 4.562954
v -1.265595 11.986665 1.338721
v -1.424786 11.256146 2.759314
v -2.312281 10.384111 3.211973
v -4.176676 11.154551 -3.939192
v 7.908887 -0.323363 -0.268743
v 8.097103 0.047169 0.302172
v 8.226027 -0.804298 0.210591
v -6.442449 -0.729574 -1.069827
v -7.120235 -1.591358 -0.562022
v -5.895323 -1.008168 -0.747806
v -4.524897 -0.601352 -0.703055
vn -0.0625 0.8498 0.5233
vn 0.2677 0.6894 0.6732
vn -0.1183 0.8971 0.4258
vn -0.2709 0.7587 0.5925
vn 0.2776 -0.9576 -0.0771
vn 0.2188 -0.9404 -0.2602
vn 0.5365 -0.8413 -0.0663
vn 0.5262 -0.8476 0.0681
vn 0.7170 -0.6625 0.2166
vn 0.6108 -0.7298 0.3072
vn 0.7069 -0.4585 0.5386
vn 0.3298 -0.7100 0.6222
vn 0.4608 -0.2507 0.8514
vn 0.8186 -0.1319 0.5591
vn 0.6521 0.1648 0.7400
vn 0.7829 0.1660 0.5995
vn 0.6002 0.4125 0.6853
vn 0.6164 0.4532 0.6440
vn 0.3805 0.6721 0.6352
vn 0.1631 0.8171 0.5530
vn -0.1488 0.9202 0.3620
vn 0.2103 0.8582 0.4682
vn 0.5245 0.5041 0.6862
vn 0.7864 0.0846 0.6119
vn 0.8433 -0.0717 0.5326
vn 0.8479 -0.2144 0.4848
vn 0.8680 -0.1091 0.4844
vn 0.8434 -0.3749 0.3850
vn 0.8174 -0.5563 0.1494
vn 0.6180 -0.7662 -0.1762
vn 0.2119 -0.8726 -0.4400
vn -0.0789 -0.8970 -0.4350
vn -0.2554 -0.7802 -0.5710
vn -0.1223 -0.8942 -0.4306
vn -0.4128 -0.7153 -0.5638
vn -0.5598 -0.5406 -0.6280
vn -0.6685 -0.4215 -0.6128
vn -0.7802 -0.2470 -0.5747
vn -0.8290 -0.0639 -0.5557
vn -0.5643 -0.2912 -0.7725
vn -0.2910 -0.5450 -0.7863
vn 0.1683 -0.7405 -0.6506
vn -0.0441 -0.1269 -0.9909
vn -0.3335 0.2554 -0.9075
vn -0.7255 -0.0288 -0.6876
vn -0.6291 0.3520 -0.6931
vn 0.8951 -0.3008 0.3293
vn 0.8759 -0.4804 0.0443
vn 0.6495 -0.6108 -0.4529
vn 0.4506 -0.2856 -0.8458
vn 0.2836 0.4367 -0.8538
vn -0.2449 0.7380 -0.6287
vn -0.8105 0.3944 -0.4329
vn -0.8403 0.0964 -0.5334
vn 0.3171 0.7831 -0.5350
vn 0.2103 0.9200 -0.3307
vn -0.2593 0.9131 -0.3147
vn 0.1148 0.9911 0.0668
vn -0.7454 0.6045 -0.2812
vn 0.5257 0.8356 0.1595
vn 0.4825 0.7929 -0.3723
vn 0.4472 0.7786 -0.4401
vn 0.6409 0.3637 -0.6760
vn 0.8588 0.1201 -0.4980
vn 0.9042 -0.3739 -0.2063
vn 0.9728 -0.0517 0.2260
vn 0.7737 0.5369 0.3364
vn 0.9032 0.4292 -0.0075
vn 0.6673 0.6561 -0.3525
vn 0.6027 0.7385 -0.3022
vn 0.4029 -0.9001 0.1660
vn 0.0429 -0.8727 0.4864
vn -0.1023 -0.9885 0.1118
vn -0.0212 -0.9526 -0.3033
vn -0.3668 -0.9078 -0.2032
vn -0.4080 -0.7949 -0.4491
vn 0.3352 0.2310 0.9134
vn 0.0382 -0.3077 0.9507
vn -0.2278 -0.5189 0.8239
vn -0.4490 -0.7145 0.5366
vn -0.6805 -0.7207 0.1324
vn -0.8361 -0.5026 -0.2200
vn -0.6702 -0.4502 -0.5900
vn -0.4748 -0.6106 -0.6339
vn -0.1242 0.1625 0.9789
vn 0.0293 0.5729 0.8191
vn -0.3991 0.3564 0.8448
vn -0.3526 -0.1421 0.9249
vn -0.5774 -0.3433 0.7408
vn -0.7671 -0.4142 0.4898
vn -0.9378 -0.1227 0.3247
vn -0.9452 -0.0909 -0.3136
vn -0.9412 0.3100 0.1343
vn -0.8774 0.3420 -0.3364
vn -0.8074 -0.0448 -0.5883
vn -0.6980 0.3194 0.6409
vn -0.6192 0.6760 0.3996
vn -0.3790 0.8819 0.2804
vn -0.6333 -0.0571 0.7718
vn -0.8622 0.2892 -0.4159
vn -0.7857 0.5873 -0.1944
vn -0.7928 0.6053 -0.0717
vn -0.6233 0.7803 0.0511
vn -0.5602 0.8222 0.1009
vn -0.6669 0.7403 -0.0848
vn -0.3961 0.9073 0.1410
vn 0.4420 -0.8398 -0.3152
vn 0.3763 -0.9134 -0.1553
vn 0.3091 -0.6649 -0.6800
vn 0.4054 -0.9139 0.0205
vn 0.2160 -0.9372 -0.2738
vn 0.0116 -0.9432 0.3321
vn -0.3318 -0.9414 -0.0606
vn 0.4858 -0.8171 0.3104
vn 0.4967 -0.8276 0.2614
vn 0.3726 -0.8885 0.2678
vn 0.5110 -0.7408 0.4359
vn 0.7263 -0.6623 -0.1839
vn 0.9388 -0.2540 0.2328
vn 0.9497 -0.0816 -0.3024
vn 0.8921 0.4463 0.0713
vn 0.7534 0.3977 -0.5237
vn 0.2879 0.9554 -0.0662
vn 0.1552 0.7418 -0.6524
vn -0.3568 0.9297 -0.0911
vn -0.4346 0.7326 -0.5238
vn -0.5078 0.8043 -0.3088
vn 0.7845 -0.1781 0.5940
vn 0.4196 -0.5182 0.7452
vn 0.1904 -0.4137 0.8903
vn 0.3778 -0.7038 0.6016
vn 0.3098 -0.6235 0.7178
vn 0.3973 -0.4484 0.8007
vn 0.6115 0.1979 0.7661
vn 0.4506 0.7969 0.4023
vn -0.1036 0.9163 0.3869
vn -0.3515 0.7508 0.5592
vn 0.1425 0.4599 0.8765
vn -0.1338 0.3108 0.9410
vn 0.1328 -0.1288 0.9827
vn 0.1687 -0.2915 0.9416
vn -0.0730 0.2649 0.9615
vn 0.1797 -0.0686 0.9813
vn -0.4378 -0.0952 0.8940
vn -0.3182 -0.6406 0.6989
vn -0.7630 -0.5652 0.3136
vn -0.8814 0.0187 0.4720
vn -0.9982 -0.0583 -0.0156
vn -0.7178 0.5988 0.3551
vn -0.7935 0.6018 -0.0908
vn -0.4013 0.9013 0.1631
vn -0.4910 0.8058 -0.3310
vn -0.4454 0.8883 0.1125
vn -0.2516 0.7153 0.6520
vn -0.1766 0.7054 0.6864
vn -0.4082 0.6875 0.6005
vn -0.1456 0.2804 0.9488
vn -0.5457 0.4190 0.7257
vn -0.9122 -0.1830 0.3666
vn -0.9234 -0.3804 -0.0509
vn -0.6053 -0.7927 -0.0730
vn -0.8993 -0.3987 0.1798
vn -0.8346 -0.4726 0.2829
vn -0.9625 -0.2173 0.1626
vn -0.8061 -0.5042 0.3098
vn -0.9412 -0.2728 0.1995
vn -0.6869 -0.6532 0.3185
vn -0.7184 -0.6742 0.1711
vn -0.3364 -0.9306 0.1443
vn -0.2534 -0.9580 0.1343
vn 0.1302 -0.9357 0.3279
vn -0.6676 -0.7250 0.1694
vn -0.5906 -0.7886 0.1714
vn -0.5054 -0.7751 0.3791
vn -0.5996 -0.7662 0.2313
vn -0.2061 -0.9481 -0.2422
vn -0.1799 -0.9672 0.1792
vn -0.3533 -0.8955 0.2705
vn -0.8908 0.0388 -0.4528
vn -0.9792 -0.0015 -0.2031
vn -0.9429 -0.1096 -0.3147
vn -0.9231 -0.3645 0.1228
vn -0.8326 -0.4561 -0.3143
vn -0.8435 -0.4902 0.2195
vn -0.9547 -0.2665 0.1319
vn -0.7869 -0.6170 0.0120
vn -0.6715 -0.5861 -0.4535
vn -0.4181 -0.8895 -0.1841
vn -0.5285 -0.8312 -0.1727
vn -0.7141 -0.6968 0.0667
vn -0.6535 -0.7570 -0.0017
vn -0.8621 -0.3283 -0.3861
vn -0.7707 -0.1603 -0.6167
vn -0.7152 -0.0835 -0.6939
vn -0.5903 -0.0382 -0.8063
vn -0.3269 -0.9451 0.0045
vn -0.4149 -0.8861 -0.2066
vn -0.0802 -0.9943 0.0700
vn -0.3111 -0.9497 0.0372
vn -0.2557 -0.9549 -0.1511
vn -0.5577 -0.8288 -0.0453
vn -0.5712 -0.8171 -0.0782
vn -0.2757 -0.8995 -0.3390
vn -0.8147 -0.5555 -0.1662
vn -0.8679 -0.4708 -0.1584
vn -0.6295 -0.6624 -0.4062
vn -0.5437 -0.7613 -0.3533
vn -0.2018 -0.3605 -0.9107
vn -0.3680 -0.9133 -0.1744
vn -0.7345 -0.0700 -0.6750
vn -0.7671 -0.1694 -0.6188
vn -0.0307 -0.2249 -0.9739
vn -0.4747 -0.6453 -0.5986
vn -0.5313 -0.7595 -0.3753
vn -0.7921 -0.4414 -0.4216
vn -0.3094 -0.6413 -0.7021
vn -0.0513 -0.7725 -0.6329
vn -0.1516 -0.9032 -0.4015
vn -0.1198 -0.9047 -0.4089
vn 0.2861 -0.8418 -0.4578
vn -0.3399 -0.3334 -0.8794
vn -0.7380 0.1399 -0.6601
vn -0.7386 -0.2082 -0.6412
vn -0.6941 -0.2586 -0.6718
vn -0.1855 -0.8295 -0.5268
vn -0.1462 -0.8322 -0.5349
vn 0.4326 -0.7534 -0.4953
vn 0.5090 -0.8603 -0.0287
vn -0.0588 -0.9783 -0.1988
vn -0.4513 -0.8440 -0.2899
vn -0.6796 -0.4973 -0.5393
vn -0.2592 -0.8976 -0.3566
vn -0.0303 -0.8652 -0.5005
vn -0.2846 -0.5473 -0.7871
vn -0.4193 -0.6042 -0.6776
vn -0.3204 -0.6243 -0.7125
vn -0.5686 -0.4879 -0.6623
vn -0.5716 -0.4315 -0.6980
vn -0.4574 -0.3053 -0.8352
vn -0.3303 -0.4999 -0.8006
vn -0.4936 -0.4707 -0.7313
vn -0.2621 -0.6597 -0.7043
vn -0.1589 -0.8709 -0.4650
vn 0.2612 -0.7073 -0.6569
vn -0.5716 -0.1681 -0.8032
vn -0.0739 -0.1274 -0.9891
vn -0.0296 -0.2259 -0.9737
vn -0.2382 -0.0461 -0.9701
vn 0.0661 0.3029 -0.9507
vn -0.0894 0.6357 -0.7667
vn -0.0920 0.8240 -0.5591
vn -0.4622 0.6696 -0.5814
vn -0.0638 0.5884 -0.8061
vn -0.2497 0.5338 -0.8079
vn -0.2175 0.3369 -0.9161
vn 0.3436 0.5448 -0.7650
vn 0.2886 0.2132 -0.9334
vn 0.5417 0.1143 -0.8328
vn 0.1287 0.4674 -0.8746
vn 0.1360 0.2854 -0.9487
vn -0.0683 0.3452 -0.9360
vn 0.0503 -0.0496 -0.9975
vn -0.3678 -0.1418 -0.9190
vn -0.3077 -0.2062 -0.9289
vn 0.1079 0.1221 -0.9866
vn -0.5668 -0.1183 -0.8153
vn -0.6364 0.1042 -0.7643
vn -0.3631 0.4869 -0.7944
vn 0.3995 0.3191 -0.8594
vn -0.0333 0.5593 -0.8283
vn 0.0993 0.2604 -0.9604
vn -0.1469 0.2131 -0.9659
vn 0.0124 0.8182 -0.5748
vn 0.3000 0.4621 -0.8345
vn 0.0640 0.2954 -0.9532
vn -0.5868 0.3310 -0.7390
vn -0.5636 0.4722 -0.6778
vn -0.6315 0.3269 -0.7031
vn -0.7466 -0.2832 -0.6020
vn -0.9034 -0.0914 -0.4189
vn -0.8108 0.2604 -0.5241
vn -0.8473 0.1975 -0.4930
vn -0.9256 -0.0417 -0.3762
vn -0.6383 0.4737 -0.6068
vn -0.8853 0.3858 0.2598
vn -0.9560 -0.1183 -0.2685
vn -0.9848 -0.1683 0.0434
vn -0.8822 -0.4661 0.0664
vn -0.9129 -0.3095 -0.2663
vn -0.9178 -0.0185 -0.3967
vn -0.9160 0.1540 -0.3704
vn -0.8362 0.2494 -0.4885
vn -0.7099 0.3526 -0.6096
vn -0.7287 -0.5771 -0.3686
vn -0.9140 0.3914 0.1069
vn -0.7699 -0.1541 -0.6193
vn -0.5938 -0.0838 -0.8003
vn -0.9831 0.1807 0.0284
vn -0.9747 -0.0417 0.2197
vn -0.8350 -0.4548 0.3099
vn -0.9030 -0.3772 0.2054
vn -0.8949 -0.4057 0.1861
vn -0.7907 -0.5984 0.1294
vn -0.9758 0.1273 0.1780
vn -0.8002 0.5684 0.1911
vn -0.8241 0.5332 0.1914
vn -0.9125 0.2342 0.3354
vn -0.8406 -0.4786 0.2535
vn -0.7302 -0.5671 0.3811
vn -0.8173 -0.4009 0.4138
vn -0.9486 -0.0653 0.3096
vn -0.9297 0.3649 0.0495
vn -0.7629 0.6404 0.0883
vn -0.9225 0.3707 0.1080
vn -0.9669 -0.2245 -0.1209
vn -0.8185 -0.1666 -0.5498
vn -0.9435 0.2069 -0.2590
vn -0.8643 -0.2130 0.4556
vn -0.9291 0.3004 0.2158
vn -0.8863 0.4618 -0.0353
vn -0.9477 0.3073 0.0863
vn -0.9737 0.1099 0.1996
vn -0.2965 -0.2611 -0.9187
vn -0.8310 -0.0835 -0.5500
vn -0.6621 0.5451 -0.5143
vn -0.8252 0.5206 -0.2194
vn -0.9633 0.2301 -0.1382
vn -0.7927 0.6057 -0.0695
vn -0.7017 0.7033 -0.1141
vn -0.6676 0.7312 -0.1404
vn -0.6591 0.7362 -0.1533
vn -0.6547 0.7196 -0.2314
vn -0.8843 0.4164 -0.2113
vn -0.9801 0.0937 0.1747
vn -0.6366 0.7666 -0.0845
vn -0.7234 0.6871 -0.0675
vn -0.6965 0.7162 -0.0432
vn -0.6219 0.7803 -0.0667
vn -0.5215 0.8515 -0.0536
vn -0.6834 0.7200 -0.1207
vn -0.4579 0.8864 -0.0680
vn -0.3888 0.8783 -0.2782
vn -0.5382 0.8415 -0.0469
vn -0.3235 0.9441 -0.0628
vn -0.0229 0.9996 -0.0174
vn -0.3574 0.8895 -0.2849
vn -0.5451 0.8382 -0.0138
vn -0.8743 0.4464 0.1907
vn -0.6974 0.7139 0.0628
vn -0.0346 0.9968 0.0719
vn -0.1409 0.9893 -0.0383
vn -0.1524 0.9862 -0.0652
vn -0.1038 0.9941 0.0298
vn -0.1733 0.9843 -0.0331
vn -0.2065 0.9126 -0.3528
vn -0.5614 0.7952 -0.2293
vn -0.6149 0.7875 -0.0419
vn -0.7352 0.6760 0.0496
vn -0.8409 0.5405 -0.0258
vn -0.9507 0.0869 -0.2978
vn -0.9251 -0.3681 0.0935
vn 0.1197 0.9926 -0.0198
vn -0.0545 0.9927 -0.1075
vn 0.0475 0.9988 -0.0115
vn -0.1781 0.9790 0.0993
vn -0.3322 0.8314 0.4455
vn -0.3713 0.8686 0.3283
vn 0.1018 0.8115 0.5755
vn -0.3437 0.8729 0.3462
vn -0.4979 0.8222 0.2758
vn -0.4951 0.8451 0.2016
vn -0.7169 0.6668 0.2035
vn -0.7776 0.6114 0.1466
vn -0.8526 0.5008 0.1494
vn -0.3349 0.9257 0.1757
vn -0.4717 0.8631 0.1807
vn -0.3340 0.8321 0.4427
vn -0.3256 0.7289 0.6023
vn -0.0838 0.8675 0.4903
vn -0.1329 0.9756 0.1749
vn 0.0018 0.9991 0.0429
vn 0.3308 0.8802 0.3403
vn 0.1523 0.8509 0.5028
vn 0.1399 0.7062 0.6940
vn -0.5633 0.7469 0.3533
vn -0.6730 0.6791 0.2930
vn -0.5774 0.5803 0.5744
vn 0.5871 0.8060 0.0756
vn 0.4797 0.8251 0.2984
vn 0.2872 0.9086 0.3034
vn 0.3812 0.6275 0.6789
vn 0.5228 -0.4999 0.6904
vn 0.4427 -0.1959 0.8750
vn 0.3158 -0.4453 0.8378
vn 0.1680 -0.4169 0.8933
vn 0.2953 -0.2299 0.9273
vn -0.0923 -0.2343 0.9678
vn 0.1987 0.0942 0.9755
vn 0.0050 0.1919 0.9814
vn 0.3051 0.3846 0.8712
vn 0.0519 0.5462 0.8360
vn -0.1362 0.7037 0.6973
vn -0.4066 0.6818 0.6081
vn -0.6345 0.5765 0.5149
vn -0.7877 0.4863 0.3783
vn -0.2761 -0.0409 0.9603
vn -0.7477 0.5466 0.3772
vn -0.8369 0.4927 0.2386
vn -0.8835 0.1745 0.4347
vn -0.9635 0.0377 0.2652
vn -0.9327 0.0851 0.3505
vn -0.8781 0.2251 0.4223
vn -0.9402 0.2117 0.2667
vn -0.8767 0.4578 0.1473
vn -0.9301 -0.1321 0.3428
vn -0.9348 0.0847 -0.3450
vn -0.7908 -0.0761 0.6073
vn -0.9186 -0.0805 0.3868
vn -0.9721 0.1542 0.1769
vn -0.9823 0.1188 0.1450
vn -0.9614 -0.1359 0.2391
vn -0.8348 -0.1589 0.5272
vn -0.7104 -0.5063 0.4889
vn -0.8079 -0.3736 0.4557
vn -0.6784 -0.6180 0.3974
vn -0.6484 -0.5724 0.5020
vn -0.7159 -0.5571 0.4207
vn -0.6412 -0.4703 0.6064
vn -0.6705 -0.2934 0.6814
vn -0.4943 -0.5900 0.6384
vn -0.4337 -0.6059 0.6669
vn -0.1944 -0.5685 0.7994
vn -0.2033 -0.6192 0.7584
vn -0.1445 -0.3734 0.9164
vn -0.3563 -0.3628 0.8611
vn 0.7451 -0.2992 0.5961
vn 0.4627 -0.5271 0.7128
vn 0.4613 -0.5161 0.7217
vn 0.3930 -0.6798 0.6192
vn 0.4013 -0.6955 0.5961
vn -0.0599 -0.6855 0.7256
vn -0.5131 -0.0243 0.8580
vn -0.6804 -0.0755 0.7289
vn 0.5149 -0.6846 0.5158
vn 0.6353 -0.3004 0.7114
vn 0.5638 -0.0774 0.8223
vn 0.4565 0.2171 0.8628
vn 0.7071 0.3077 0.6367
vn 0.8412 0.0059 0.5408
vn 0.9280 -0.0282 0.3716
vn 0.8467 -0.3468 0.4036
vn 0.8428 -0.3703 0.3906
vn 0.5292 0.3936 0.7517
vn 0.6746 0.4025 0.6188
vn 0.8506 0.3222 0.4155
vn 0.9043 0.1075 0.4132
vn 0.9026 -0.2148 0.3730
vn 0.9090 -0.2671 0.3199
vn 0.9003 -0.2122 0.3800
vn 0.7768 -0.3446 0.5271
vn 0.8781 -0.0731 0.4728
vn 0.9247 -0.2129 0.3157
vn 0.9012 -0.3445 0.2631
vn 0.9770 -0.0512 0.2071
vn 0.9773 -0.1256 0.1704
vn 0.8111 -0.3833 0.4418
vn 0.6816 -0.4815 0.5510
vn 0.6795 -0.5245 0.5129
vn 0.6884 -0.5808 0.4344
vn 0.9968 0.0039 0.0796
vn 0.3347 -0.7576 0.5604
vn 0.2540 -0.8007 0.5425
vn 0.4952 -0.7355 0.4624
vn 0.3319 -0.8407 0.4279
vn 0.5422 -0.6666 0.5116
vn 0.4680 -0.7190 0.5138
vn 0.8527 -0.5024 0.1434
vn 0.9814 -0.1690 0.0907
vn 0.9748 -0.2230 0.0020
vn 0.9866 -0.0178 -0.1624
vn 0.9749 -0.2129 -0.0647
vn 0.9804 -0.0977 -0.1710
vn 0.7594 -0.6303 0.1613
vn 0.9340 -0.3464 0.0877
vn 0.7955 -0.5899 0.1386
vn 0.9595 -0.2799 0.0309
vn 0.5715 -0.7288 0.3772
vn 0.2910 -0.8547 0.4298
vn 0.5008 -0.7973 0.3369
vn 0.1682 -0.9027 0.3960
vn 0.0928 -0.9430 0.3196
vn 0.3348 -0.9356 0.1125
vn 0.3109 -0.8318 0.4597
vn 0.4367 -0.8019 0.4077
vn 0.3513 -0.7335 0.5819
vn 0.3701 -0.8415 0.3935
vn 0.1807 -0.8672 0.4641
vn 0.0440 -0.9313 0.3616
vn 0.1360 -0.9522 0.2736
vn 0.1368 -0.9077 0.3967
vn 0.1521 -0.9572 0.2464
vn 0.1213 -0.8888 0.4420
vn 0.5918 -0.7102 0.3813
vn -0.0384 -0.8289 0.5580
vn 0.2352 -0.8550 0.4622
vn 0.0314 -0.8874 0.4600
vn 0.1895 -0.8300 0.5245
vn 0.5622 -0.6764 0.4758
vn 0.0536 -0.9134 0.4036
vn 0.4176 -0.9051 0.0796
vn 0.3543 -0.9339 -0.0487
vn 0.2631 -0.9640 0.0372
vn 0.4876 -0.8387 0.2424
vn 0.3538 -0.9338 -0.0539
vn 0.3165 -0.8563 0.4082
vn 0.1846 -0.9698 0.1596
vn 0.6981 -0.7156 0.0234
vn 0.4091 -0.8691 0.2780
vn 0.4389 -0.8956 -0.0727
vn 0.3153 -0.9387 -0.1394
vn 0.9432 -0.3287 0.0483
vn 0.7297 -0.6836 0.0109
vn 0.6056 -0.7566 -0.2467
vn 0.5136 -0.7864 -0.3434
vn 0.3247 -0.8247 -0.4631
vn 0.0190 -0.9885 -0.1500
vn 0.5637 -0.5931 -0.5749
vn 0.9455 -0.3098 -0.1002
vn 0.9750 0.0030 -0.2220
vn 0.8663 -0.3272 -0.3774
vn 0.8314 -0.3752 -0.4100
vn 0.6696 -0.6518 -0.3561
vn 0.7328 -0.4095 -0.5434
vn 0.4139 -0.7424 -0.5269
vn 0.2468 -0.2526 -0.9356
vn 0.5067 -0.4231 -0.7512
vn 0.3425 0.5109 -0.7884
vn 0.5994 0.1504 -0.7862
vn 0.4569 0.2373 -0.8573
vn 0.7060 0.0605 -0.7056
vn 0.5951 -0.2425 -0.7662
vn 0.4023 0.0997 -0.9101
vn 0.6551 -0.1707 -0.7360
vn 0.9173 -0.2181 -0.3331
vn 0.9910 0.0917 -0.0974
vn 0.9734 0.2281 -0.0196
vn 0.9731 0.2130 0.0876
vn 0.9694 -0.2278 -0.0918
vn 0.9939 0.0680 -0.0864
vn 0.9726 0.1102 -0.2049
vn 0.9484 -0.1242 -0.2918
vn 0.9115 -0.0820 -0.4031
vn 0.7312 -0.5023 -0.4616
vn 0.1874 0.4412 -0.8776
vn 0.2815 0.2497 -0.9265
vn 0.8402 -0.3241 -0.4348
vn 0.7626 0.0102 -0.6468
vn 0.5180 0.5286 -0.6725
vn 0.7057 0.4745 -0.5261
vn 0.7786 0.5767 -0.2476
vn 0.8595 0.5109 0.0153
vn 0.9530 0.2681 0.1409
vn 0.9800 0.1952 -0.0378
vn 0.9975 0.0587 -0.0401
vn 0.9374 -0.2328 0.2589
vn 0.9999 0.0113 -0.0125
vn 0.6295 0.7047 -0.3273
vn 0.3610 0.8650 -0.3486
vn 0.4020 0.6432 -0.6516
vn 0.4739 0.7419 -0.4744
vn 0.0338 0.8163 -0.5767
vn 0.7264 0.5535 -0.4074
vn 0.7527 0.5002 -0.4281
vn 0.9446 0.2474 -0.2157
vn 0.9280 0.2170 -0.3030
vn 0.8829 0.3714 -0.2875
vn 0.8913 0.3163 -0.3250
vn 0.7887 0.5496 -0.2754
vn 0.7772 0.5404 -0.3224
vn 0.7558 0.5233 -0.3936
vn 0.8089 0.5557 -0.1918
vn 0.7933 0.4693 -0.3878
vn 0.8062 0.4490 -0.3852
vn 0.6771 0.7313 -0.0823
vn 0.6104 0.7613 -0.2187
vn 0.5228 0.7775 -0.3497
vn 0.7197 0.5099 -0.4712
vn 0.8244 0.4076 -0.3927
vn 0.8375 0.1271 -0.5314
vn 0.3305 0.5480 -0.7684
vn 0.3897 0.9164 -0.0913
vn 0.6027 0.7971 0.0375
vn 0.7013 0.7127 0.0133
vn 0.6883 0.6682 -0.2823
vn 0.4701 0.8250 -0.3138
vn 0.7199 0.5635 -0.4052
vn 0.4647 0.4192 -0.7800
vn 0.4460 0.5348 -0.7176
vn -0.0586 0.7170 -0.6946
vn -0.2062 0.8970 -0.3911
vn 0.0935 0.9337 -0.3456
vn -0.0895 0.4844 -0.8702
vn 0.0601 0.3427 -0.9375
vn 0.2781 0.5438 -0.7918
vn 0.1666 0.4631 -0.8705
vn 0.6441 0.4715 -0.6024
vn 0.7507 0.0771 -0.6561
vn 0.8407 0.4162 -0.3465
vn 0.8043 -0.0609 -0.5911
vn 0.6454 0.1200 -0.7544
vn 0.0926 0.4518 -0.8873
vn 0.4557 0.3864 -0.8019
vn 0.6102 0.1412 -0.7796
vn 0.6431 -0.0671 -0.7628
vn 0.3101 0.2030 -0.9288
vn -0.2940 0.3428 -0.8922
vn -0.3068 0.8115 -0.4974
vn -0.3826 0.8361 -0.3932
vn -0.1307 0.9353 -0.3288
vn -0.0806 0.9047 -0.4184
vn -0.1517 -0.4727 -0.8681
vn -0.3052 0.1262 -0.9439
vn -0.0646 -0.0657 -0.9958
vn 0.0422 0.2849 -0.9576
vn 0.2624 0.0792 -0.9617
vn 0.0140 0.1319 -0.9912
vn 0.4775 -0.3485 -0.8066
vn -0.1604 -0.6003 -0.7835
vn -0.0223 -0.6831 -0.7300
vn 0.4604 -0.5094 -0.7270
vn 0.1206 -0.7335 -0.6689
vn 0.3044 -0.7021 -0.6438
vn 0.2500 -0.8111 -0.5288
vn 0.4165 -0.8050 -0.4226
vn 0.2269 -0.7978 -0.5585
vn 0.2601 -0.7831 -0.5649
vn 0.4073 -0.5406 -0.7361
vn 0.2771 -0.7516 -0.5987
vn 0.4199 -0.6210 -0.6618
vn 0.5884 -0.5379 -0.6037
vn 0.6038 -0.6313 -0.4867
vn 0.6843 -0.4730 -0.5550
vn 0.4562 -0.6179 -0.6403
vn 0.2531 -0.8251 -0.5052
vn 0.6653 -0.3175 -0.6757
vn 0.5519 -0.4175 -0.7219
vn 0.5497 -0.5577 -0.6220
vn 0.0824 -0.8691 -0.4877
vn -0.1982 -0.6097 -0.7674
vn -0.1518 -0.7000 -0.6978
vn 0.0763 -0.9321 -0.3540
vn -0.1044 -0.6436 -0.7582
vn -0.5878 -0.0706 -0.8059
vn -0.6506 -0.6768 -0.3444
vn -0.7958 -0.3200 -0.5142
vn 0.5442 -0.2550 -0.7993
vn 0.0443 -0.3566 -0.9332
vn -0.0048 -0.3667 -0.9303
vn -0.1864 0.0787 -0.9793
vn -0.2092 0.2110 -0.9548
vn -0.3917 0.5666 -0.7249
vn -0.7984 0.3614 -0.4816
vn -0.4673 0.6490 -0.6003
vn -0.1897 -0.0284 -0.9814
vn -0.4091 0.3629 -0.8372
vn -0.3547 0.3959 -0.8470
vn 0.3049 0.1603 -0.9388
vn -0.6744 0.3373 0.6568
vn -0.3442 0.5412 0.7673
vn -0.0970 -0.0730 0.9926
vn -0.3378 -0.0209 0.9410
vn -0.5543 -0.0905 0.8274
vn -0.4054 0.1697 0.8982
vn -0.6783 0.7205 0.1443
vn -0.2689 0.9587 -0.0928
vn -0.5220 0.8522 0.0366
vn -0.5416 0.8405 -0.0182
vn -0.6011 0.7979 -0.0452
vn -0.9387 0.2907 0.1852
vn -0.9022 0.1567 0.4018
vn -0.6815 0.7273 0.0812
vn -0.0870 0.8076 -0.5833
vn 0.0031 0.9697 -0.2443
vn 0.3191 0.7952 -0.5155
vn 0.5292 0.7183 -0.4516
vn -0.0737 0.7636 -0.6414
vn -0.0266 0.9718 -0.2345
vn -0.4099 0.8639 -0.2926
vn -0.3904 0.9205 -0.0146
vn -0.5633 0.7866 0.2529
vn -0.4243 0.9055 -0.0017
vn -0.8551 0.5182 -0.0176
vn -0.9499 0.2780 -0.1427
vn -0.7751 0.6015 -0.1937
vn 0.5421 0.8371 -0.0731
vn 0.0766 0.8895 -0.4504
vn -0.6501 0.7440 0.1544
vn -0.2757 0.9062 -0.3207
vn -0.3279 0.9416 -0.0760
vn 0.1859 0.9795 -0.0774
vn 0.4612 0.8812 -0.1036
vn 0.5112 0.7570 -0.4069
vn 0.2347 0.8342 -0.4991
vn 0.1189 0.7620 -0.6366
vn 0.3275 0.6653 -0.6709
vn -0.1178 0.8306 -0.5443
vn -0.1412 0.9771 -0.1590
vn -0.0090 0.9946 -0.1031
vn 0.0329 0.9798 -0.1973
vn 0.0459 0.9710 -0.2347
vn 0.2915 0.4918 -0.8205
vn -0.1423 -0.8763 0.4603
vn -0.2811 -0.9067 0.3146
vn -0.2433 -0.9259 0.2889
vn -0.5527 -0.6963 0.4580
vn -0.7033 -0.6930 0.1584
vn -0.4398 -0.8946 0.0790
vn -0.4488 -0.7736 0.4473
vn -0.6077 -0.7070 0.3617
vn -0.6888 -0.7132 0.1302
vn -0.0545 -0.9678 0.2458
vn -0.1496 -0.9629 0.2248
vn -0.2573 -0.8624 0.4359
vn -0.3125 -0.8249 0.4710
vn -0.2291 -0.8536 0.4678
vn -0.2947 -0.8517 0.4333
vn -0.2118 -0.9082 0.3610
vn -0.0924 -0.9089 0.4067
vn -0.6140 -0.6112 0.4994
vn -0.8143 -0.3682 0.4488
vn -0.1635 -0.8687 0.4676
vn 0.0188 -0.9421 0.3348
vn -0.3551 -0.9220 0.1543
vn -0.4968 -0.7479 0.4403
vn 0.1237 -0.8327 0.5398
vn -0.1809 -0.7748 0.6058
vn -0.0676 -0.7550 0.6522
vn -0.2876 -0.6615 0.6926
vn -0.1294 -0.7997 0.5863
vn -0.1447 -0.9855 -0.0886
vn -0.2689 -0.9489 0.1654
vn 0.0881 -0.9603 0.2646
vn 0.0664 -0.8345 0.5469
vn 0.0314 -0.8628 0.5046
vn 0.2052 -0.8299 0.5189
vn 0.3858 -0.7809 0.4912
vn -0.8818 -0.4487 0.1454
vn -0.7702 -0.5910 0.2398
vn -0.7803 -0.5346 0.3245
vn -0.9535 -0.2203 0.2057
vn 0.0016 -0.8821 0.4710
vn 0.3554 -0.8375 0.4151
vn 0.3505 -0.8212 0.4504
vn 0.4027 -0.8015 0.4422
vn 0.3251 -0.8270 0.4587
vn 0.6730 -0.6410 0.3691
vn 0.1813 -0.8566 0.4832
vn 0.8830 -0.0156 -0.4692
vn 0.8328 0.3330 -0.4422
vn 0.9787 -0.0621 -0.1956
vn 0.9461 -0.0487 -0.3202
vn 0.9706 0.0461 -0.2362
vn 0.9703 -0.1548 -0.1857
vn -0.5558 0.8168 -0.1544
vn -0.2647 0.9113 -0.3152
vn -0.3139 0.9486 -0.0400
vn -0.7553 0.6051 -0.2517
vn -0.7322 0.6624 -0.1588
vn -0.9017 0.3544 -0.2478
vn -0.7917 0.5547 -0.2560
vn -0.2277 0.6873 -0.6898
vn 0.2366 0.4868 -0.8409
vn -0.6691 0.1991 -0.7160
vn -0.7598 0.2272 -0.6092
vn -0.7990 -0.3698 -0.4742
vn -0.7762 -0.0529 -0.6283
vn -0.4146 0.9097 -0.0256
vn -0.3822 0.9060 -0.1821
vn -0.7856 0.5706 -0.2393
vn -0.9162 0.3232 -0.2369
vn -0.4250 0.1494 -0.8928
vn -0.4594 -0.3052 -0.8341
vn -0.8722 0.1265 -0.4725
vn -0.9647 0.1551 -0.2131
vn -0.4447 0.8790 -0.1722
vn -0.7566 0.6534 -0.0259
vn -0.2505 0.8048 -0.5380
vn 0.5428 0.8346 0.0942
vn 0.6346 0.7353 0.2380
vn 0.7002 0.6915 0.1775
vn 0.6487 0.7528 0.1112
vn 0.3960 0.9176 0.0356
vn 0.7572 0.6477 0.0841
vn 0.8633 0.4048 0.3013
vn 0.9212 0.2023 0.3324
vn 0.8044 0.4641 0.3708
vn 0.6408 0.7603 0.1068
vn 0.6501 0.7355 0.1909
vn 0.6160 0.7681 0.1748
vn 0.8980 0.3063 0.3160
vn 0.8597 0.4349 0.2681
vn 0.5080 0.8120 0.2872
vn 0.9289 0.3606 0.0844
vn 0.9870 0.1602 -0.0159
vn 0.8990 0.4363 0.0376
vn 0.7118 0.6994 -0.0653
vn 0.7523 0.6085 -0.2526
vn 0.9830 0.0333 -0.1805
vn 0.9554 0.2916 -0.0470
vn 0.9784 0.2017 -0.0449
vn 0.9360 0.3212 -0.1439
vn 0.9947 0.0581 0.0847
vn 0.5686 0.7730 -0.2812
vn 0.7501 0.5312 -0.3939
vn 0.3039 0.9088 -0.2859
vn 0.3822 0.9212 -0.0726
vn 0.4240 0.9018 0.0828
vn 0.9575 0.2357 0.1663
vn 0.9631 0.1782 0.2015
vn -0.1811 0.9592 -0.2173
vn 0.2049 0.9781 -0.0372
vn 0.3977 0.9171 0.0273
vn 0.4987 0.8665 -0.0229
vn 0.2634 0.9579 -0.1140
vn 0.6159 0.7755 0.1393
vn 0.0560 0.9957 -0.0743
vn 0.0906 0.9957 -0.0171
vn -0.0703 0.9835 -0.1667
vn 0.8560 0.3295 0.3983
vn 0.7923 0.5552 0.2532
vn 0.6320 0.5556 0.5403
vn 0.4326 0.8846 0.1740
vn 0.7965 0.5506 0.2498
vn 0.8263 0.5038 0.2519
vn -0.3032 0.6657 0.6819
vn -0.5469 0.3617 0.7551
vn -0.0785 0.6480 0.7576
vn -0.7704 0.0235 0.6371
vn -0.7409 -0.0162 0.6715
vn -0.4344 -0.1294 0.8914
vn 0.0519 -0.5068 0.8605
vn 0.0112 -0.0300 0.9995
vn 0.3443 -0.2032 0.9166
vn 0.1903 0.2792 0.9412
vn 0.5731 0.0151 0.8193
vn 0.4866 0.4068 0.7731
vn 0.2809 0.7510 0.5976
vn -0.0169 0.8708 0.4914
vn -0.2672 0.7516 0.6031
vn -0.6419 0.3117 0.7006
vn -0.7083 0.0946 0.6995
vn -0.7773 -0.3642 0.5130
vn -0.8062 -0.2872 0.5172
vn -0.6913 -0.2703 0.6701
vn 0.1797 0.9274 0.3280
vn -0.5542 0.5815 0.5956
vn -0.4977 0.5434 0.6760
vn -0.2461 0.7985 0.5494
vn -0.0061 0.9318 0.3629
vn 0.3173 0.9372 0.1448
vn 0.4915 0.8705 0.0234
vn 0.2562 0.9254 0.2793
vn -0.1162 0.9885 -0.0965
vn -0.5046 0.8285 0.2428
vn -0.8220 0.5110 0.2513
vn -0.9362 0.1084 0.3343
vn -0.8785 -0.4696 0.0877
vn -0.7116 -0.6865 0.1496
vn -0.6112 -0.7751 -0.1600
vn -0.5312 -0.8447 -0.0651
vn -0.2521 -0.8822 -0.3976
vn -0.1517 -0.9434 -0.2950
vn 0.1863 -0.8665 -0.4631
vn 0.1323 -0.9461 -0.2956
vn 0.4126 -0.7759 -0.4772
vn 0.4852 -0.8716 -0.0701
vn 0.7072 -0.6265 -0.3278
vn 0.9066 -0.4154 0.0745
vn -0.6702 -0.6335 -0.3867
vn 0.8495 -0.1893 0.4925
vn 0.8953 0.1746 0.4099
vn 0.6766 -0.5905 0.4399
vn 0.2916 -0.9087 0.2986
vn -0.0148 -0.9979 -0.0637
vn -0.1448 -0.9757 -0.1642
vn 0.1723 -0.7622 -0.6240
vn 0.4481 -0.6740 -0.5873
vn -0.9985 0.0408 -0.0374
vn -0.8153 -0.1073 -0.5690
vn -0.3327 -0.6920 -0.6407
vn 0.1674 -0.5792 -0.7978
vn 0.5682 -0.4710 -0.6748
vn 0.4866 -0.6560 -0.5770
vn 0.7090 -0.4536 -0.5399
vn 0.9751 -0.0804 -0.2065
vn 0.8165 -0.0126 -0.5773
vn 0.9138 0.3513 -0.2041
vn -0.7065 0.2347 -0.6676
vn -0.2658 -0.2353 -0.9349
vn 0.6860 -0.3544 -0.6355
vn 0.7035 -0.2209 -0.6755
vn -0.4018 0.4772 -0.7816
vn -0.7044 0.6266 -0.3333
vn 0.1292 0.1290 -0.9832
vn 0.5148 -0.1977 -0.8342
vn 0.7530 -0.1271 -0.6456
vn 0.8042 0.0177 -0.5941
vn 0.7796 0.4025 -0.4797
vn 0.8058 0.3862 -0.4490
vn 0.6895 0.6833 -0.2403
vn 0.7512 0.5290 -0.3948
vn 0.6007 0.7617 -0.2430
vn 0.4615 0.7136 -0.5271
vn -0.0473 0.8978 -0.4379
vn 0.2377 0.5630 -0.7916
vn 0.6628 0.1309 -0.7373
vn 0.8352 0.2079 -0.5091
vn 0.7021 0.4082 -0.5835
vn -0.5834 0.7020 -0.4085
vn -0.7450 0.6104 -0.2690
vn -0.5483 0.8189 -0.1697
vn -0.8602 0.4128 -0.2995
vn 0.6792 0.7183 -0.1508
vn 0.4511 0.8903 -0.0628
vn -0.8360 0.4998 -0.2264
vn 0.7324 0.6068 0.3089
vn 0.4861 0.8614 0.1472
vn 0.6377 -0.2555 0.7267
vn 0.3848 -0.5654 0.7296
vn -0.7180 -0.5584 0.4156
vn -0.7637 -0.5079 0.3985
vn -0.7090 -0.6266 0.3237
vn -0.7695 -0.5398 0.3411
vn -0.6367 -0.7458 0.1960
vn -0.4842 -0.8035 0.3464
vn -0.3994 -0.9167 -0.0078
vn -0.2786 -0.9570 0.0807
vn -0.0414 -0.9037 0.4262
vn -0.3540 -0.5946 0.7219
vn -0.2877 0.3153 0.9044
vn 0.3517 -0.2782 0.8938
vn 0.0260 0.0573 0.9980
vn -0.2715 -0.3071 0.9121
vn 0.4340 0.2663 0.8606
vn 0.1258 0.5549 0.8224
vn 0.8249 -0.0439 0.5636
vn 0.6275 0.5375 0.5634
vn 0.3085 0.8585 0.4095
vn 0.3583 0.8603 0.3627
vn 0.0487 0.5331 0.8447
vn 0.4550 0.8870 -0.0794
vn 0.7472 0.6493 0.1418
vn 0.9961 0.0024 0.0883
vn 0.7707 -0.5799 0.2639
vn 0.2970 -0.7682 0.5672
vn -0.2451 -0.6211 0.7444
vn -0.4493 -0.7012 0.5536
vn -0.4468 -0.8928 0.0575
vn -0.4518 -0.8921 0.0065
vn -0.1107 -0.8572 -0.5030
vn -0.2835 -0.8708 -0.4018
vn -0.1439 -0.5795 -0.8021
vn 0.0314 -0.9939 0.1053
vn 0.4694 0.8812 -0.0563
vn 0.2877 0.9434 0.1651
vn 0.7347 -0.5398 -0.4108
vn 0.4114 -0.8810 -0.2339
vn 0.2587 -0.4959 -0.8289
vn 0.1619 -0.0820 -0.9834
vn 0.1282 -0.1370 -0.9822
vn 0.2866 0.4407 -0.8507
vn 0.2771 0.3168 -0.9071
vn 0.4156 0.7419 -0.5262
vn 0.4607 0.5715 -0.6791
vn 0.4714 0.7967 -0.3782
vn 0.4050 0.6028 -0.6874
vn 0.4244 0.8581 -0.2891
vn -0.1483 0.8645 -0.4802
vn -0.3563 0.9267 0.1196
vn -0.7265 0.4672 -0.5039
vn 0.0791 -0.1293 -0.9884
vn 0.2894 0.2135 -0.9331
vn -0.1417 -0.6875 -0.7122
vn -0.1841 -0.5026 -0.8447
vn -0.4383 -0.0898 -0.8943
vn -0.2207 0.3593 -0.9068
vn -0.9046 -0.0608 -0.4219
vn -0.6480 -0.6397 -0.4133
vn -0.3384 -0.7655 -0.5473
vn -0.9279 0.3669 0.0662
vn -0.9338 -0.3532 0.0576
vn -0.4907 -0.8496 0.1932
vn -0.3300 -0.9142 -0.2353
vn -0.3244 -0.9458 0.0133
vn -0.3783 -0.8453 0.3774
vn -0.2386 -0.5134 0.8243
vn -0.0460 0.0352 0.9983
vn -0.8234 -0.3558 0.4420
vn -0.3291 -0.7909 0.5160
vn -0.4383 -0.6453 0.6257
vn -0.6996 -0.0218 0.7142
vn -0.5520 0.6539 0.5175
vn -0.2204 -0.3632 0.9053
vn -0.2670 0.2325 0.9352
vn -0.0106 0.8040 0.5945
vn 0.2313 0.6167 0.7524
vn 0.2885 0.5487 0.7846
vn 0.0126 0.0879 0.9960
vn 0.0505 -0.8718 0.4872
vn -0.4528 -0.7461 0.4882
vn 0.5203 0.3782 -0.7657
vn 0.6895 0.2521 -0.6790
vn 0.5307 0.1793 -0.8284
vn 0.7357 0.3641 -0.5712
vn 0.8850 0.2176 -0.4116
vn 0.8920 0.3453 -0.2917
vn 0.9772 0.1641 -0.1346
vn 0.9499 -0.0395 -0.3100
vn 0.3633 0.4243 -0.8295
vn 0.3446 0.4547 -0.8212
vn 0.3929 0.1966 -0.8983
vn 0.4659 0.0721 -0.8819
vn 0.0596 0.5204 -0.8518
vn 0.3980 0.4794 -0.7822
vn 0.6330 0.4273 -0.6456
vn 0.5856 0.5066 -0.6328
vn 0.7950 0.4845 -0.3650
vn 0.7232 0.6091 -0.3255
vn 0.8197 0.5690 0.0663
vn 0.8134 0.5035 -0.2913
vn 0.7733 0.4989 -0.3912
vn 0.3407 0.8063 -0.4834
vn -0.1822 0.6586 -0.7301
vn -0.3588 0.3663 -0.8586
vn -0.0653 0.4589 -0.8861
vn 0.0466 0.5211 -0.8522
vn 0.1764 0.3352 -0.9255
vn 0.0672 0.1716 -0.9829
vn 0.2084 0.0487 -0.9768
vn 0.7127 0.6940 0.1021
vn 0.7361 0.6662 0.1197
vn -0.2176 0.8947 -0.3902
vn -0.0008 0.9816 -0.1908
vn 0.1303 0.9896 0.0601
vn 0.4460 0.8923 -0.0693
vn 0.8608 0.5062 0.0528
vn 0.9107 0.3735 0.1763
vn 0.7687 0.4688 0.4352
vn 0.7004 0.5894 0.4026
vn 0.8073 0.3987 0.4352
vn 0.8865 0.4016 0.2299
vn 0.9367 0.1763 0.3025
vn 0.8730 0.1408 0.4669
vn 0.8941 -0.0418 0.4460
vn 0.5757 -0.0012 0.8176
vn 0.4315 0.1114 0.8952
vn 0.3535 -0.1518 0.9230
vn 0.5779 0.2076 0.7892
vn 0.7682 0.0447 0.6387
vn 0.7435 0.2755 0.6094
vn 0.6329 0.5097 0.5828
vn 0.5590 0.4659 0.6859
vn 0.6750 0.4818 0.5587
vn 0.3733 0.8346 0.4051
vn 0.3502 0.3085 0.8844
vn 0.3555 0.3927 0.8482
vn 0.5816 0.3917 0.7129
vn 0.4294 0.5019 0.7508
vn -0.7297 0.5877 0.3495
vn -0.8765 0.4689 0.1094
vn -0.7468 0.6650 0.0096
vn -0.8404 0.5090 -0.1861
vn -0.8685 0.4920 -0.0601
vn -0.6537 0.5839 -0.4813
vn -0.5299 0.8475 0.0294
vn -0.1613 0.9868 0.0172
vn -0.2827 0.8575 0.4299
vn 0.1288 0.6742 0.7272
vn 0.1871 0.3463 0.9193
vn 0.3298 0.4399 0.8353
vn 0.2501 0.4832 0.8390
vn -0.6553 0.6962 -0.2932
vn -0.7910 0.5023 0.3495
vn -0.8301 0.4707 0.2989
vn -0.0267 0.4094 0.9120
vn -0.2464 0.4001 0.8827
vn -0.2094 0.4635 0.8610
vn -0.5375 0.4905 0.6859
vn -0.5913 0.4320 0.6810
vn 0.0714 0.6754 0.7340
vn -0.1671 0.5108 0.8433
vn -0.3988 0.5062 0.7647
vn -0.6674 0.5141 0.5387
vn -0.8365 0.4496 0.3133
vn -0.8365 0.5412 0.0860
vn -0.7630 0.5624 -0.3186
vn -0.6536 0.4538 -0.6056
vn -0.7940 0.3565 0.4924
vn -0.5866 0.3260 0.7414
vn -0.6531 0.4132 0.6346
vn -0.4644 0.4909 0.7371
vn -0.3512 0.4185 0.8376
vn -0.1861 0.4059 0.8947
vn -0.2505 0.2466 0.9362
vn -0.0009 0.3229 0.9464
vn -0.0462 0.0754 0.9961
vn -0.2398 0.0053 0.9708
vn -0.4807 0.1961 0.8547
vn -0.4131 0.0048 0.9107
vn -0.2459 -0.1767 0.9530
vn -0.0871 -0.1581 0.9836
vn 0.0889 -0.1072 0.9903
vn 0.2133 0.0025 0.9770
vn 0.1961 0.1851 0.9630
vn 0.1757 0.3762 0.9097
vn 0.0744 0.5174 0.8525
vn -0.0495 0.4306 0.9012
vn 0.1128 -0.2597 0.9591
vn -0.1242 -0.4400 0.8894
vn -0.3821 -0.2736 0.8827
vn -0.6099 -0.0527 0.7908
vn -0.6681 0.1555 0.7276
vn 0.0447 -0.4505 0.8916
vn 0.7321 -0.1126 0.6718
vn 0.5360 -0.2236 0.8141
vn 0.3193 -0.4314 0.8438
vn 0.1449 -0.6158 0.7745
vn -0.0540 -0.6732 0.7375
vn -0.3061 -0.5670 0.7647
vn -0.5748 -0.3121 0.7564
vn -0.7491 -0.1448 0.6464
vn -0.7881 0.0028 0.6156
vn -0.8823 -0.1356 0.4507
vn -0.9496 -0.2380 0.2040
vn -0.7986 -0.2785 0.5335
vn -0.5871 -0.5474 0.5964
vn -0.3486 -0.7289 0.5892
vn -0.0891 -0.8028 0.5896
vn 0.1573 -0.7823 0.6028
vn 0.3957 -0.6677 0.6306
vn 0.5576 -0.4783 0.6785
vn 0.7093 -0.2838 0.6453
vn 0.8890 -0.1972 0.4132
vn 0.9743 -0.0741 0.2127
vn 0.9833 0.1525 0.0990
vn 0.9180 0.3948 -0.0373
vn 0.9520 -0.2987 0.0668
vn 0.9662 -0.1922 -0.1718
vn 0.9993 -0.0361 -0.0104
vn 0.8579 -0.3597 0.3669
vn 0.7427 -0.5157 0.4271
vn 0.6014 -0.6973 0.3900
vn 0.3507 -0.8372 0.4196
vn 0.1415 -0.9338 0.3286
vn 0.2531 -0.9538 0.1618
vn 0.0408 -0.9893 0.1404
vn 0.1417 -0.9884 -0.0553
vn -0.0283 -0.9992 -0.0285
vn -0.0000 -0.9519 -0.3063
vn 0.2151 -0.9532 -0.2123
vn 0.2325 -0.8671 -0.4406
vn 0.4407 -0.8875 -0.1345
vn -0.0950 -0.7855 -0.6115
vn 0.3033 -0.9527 -0.0176
vn 0.4705 -0.8629 0.1844
vn 0.6526 -0.7558 0.0527
vn 0.8221 -0.5627 0.0868
vn 0.8714 -0.4652 -0.1558
vn 0.8551 -0.3821 -0.3504
vn 0.6939 -0.6763 -0.2472
vn 0.4871 -0.7277 -0.4830
vn 0.4603 -0.8381 -0.2930
vn 0.6663 -0.5371 -0.5172
vn 0.8163 -0.2372 -0.5267
vn 0.4326 0.0229 -0.9013
vn 0.5601 0.1694 -0.8109
vn 0.7259 0.1080 -0.6793
vn 0.8834 0.0567 -0.4651
vn 0.7294 -0.0916 -0.6779
vn 0.5806 -0.3229 -0.7474
vn 0.4772 -0.5089 -0.7164
vn 0.3609 -0.6922 -0.6249
vn 0.1183 -0.7033 -0.7010
vn 0.5786 0.0287 -0.8151
vn 0.0199 -0.4881 -0.8726
vn 0.2803 -0.4999 -0.8195
vn 0.0031 -0.3276 -0.9448
vn 0.3373 -0.2986 -0.8928
vn 0.0820 -0.1947 -0.9774
vn 0.2687 -0.0825 -0.9597
vn -0.0408 -0.0686 -0.9968
vn 0.4300 -0.1035 -0.8969
vn 0.5325 -0.1419 -0.8344
vn -0.9860 0.1096 0.1256
vn -0.9607 0.1956 -0.1970
vn -0.9921 0.0389 -0.1194
vn -0.9119 -0.0010 -0.4105
vn -0.8228 0.1388 -0.5511
vn -0.9728 -0.1202 -0.1979
vn -0.9915 -0.0882 0.0957
vn -0.9348 0.0046 0.3551
vn -0.8555 0.3158 -0.4103
vn -0.6966 0.2771 -0.6618
vn -0.8859 0.4277 -0.1798
vn -0.9305 0.3582 0.0760
vn -0.9172 0.2541 0.3069
vn -0.8258 0.1724 0.5369
vn -0.7417 0.4169 -0.5255
vn -0.5512 0.4590 -0.6968
vn -0.5618 0.2179 -0.7981
vn -0.5509 0.2660 -0.7911
vn -0.5185 0.1259 -0.8457
vn -0.4490 0.1686 -0.8775
vn -0.4801 0.0251 -0.8769
vn -0.3461 0.0035 -0.9382
vn -0.2583 0.1481 -0.9546
vn -0.3808 0.2921 -0.8773
vn -0.2786 0.4592 -0.8435
vn -0.3806 0.5036 -0.7756
vn -0.1015 0.3480 -0.9320
vn -0.2405 -0.5309 -0.8126
vn -0.2922 -0.3484 -0.8907
vn -0.2779 -0.1883 -0.9420
vn -0.1016 0.0512 -0.9935
vn -0.3723 -0.0845 -0.9243
vn -0.4935 -0.2669 -0.8278
vn -0.4563 -0.5366 -0.7098
vn -0.3413 -0.6879 -0.6406
vn -0.2725 -0.8541 -0.4430
vn -0.1456 -0.9591 -0.2427
vn -0.3853 -0.8910 -0.2402
vn -0.2446 -0.9636 -0.1078
vn -0.4611 -0.8872 0.0179
vn -0.2068 -0.9741 0.0913
vn -0.4013 -0.8726 0.2783
vn -0.2234 -0.8942 0.3880
vn -0.4639 -0.7642 -0.4481
vn -0.6442 -0.6972 -0.3145
vn -0.6292 -0.5407 -0.5583
vn -0.0780 -0.9442 0.3200
vn 0.0237 -0.8833 0.4682
vn -0.6556 -0.2585 -0.7095
vn -0.7710 -0.3666 -0.5208
vn -0.8459 -0.4448 -0.2943
vn -0.8880 -0.2073 -0.4105
vn -0.9559 -0.2823 -0.0806
vn -0.8877 -0.4580 -0.0469
vn -0.8486 -0.4813 0.2197
vn -0.7616 -0.4785 0.4370
vn -0.6250 -0.7343 0.2647
vn -0.5944 -0.7989 -0.0918
vn -0.7643 -0.6408 -0.0725
vn -0.7303 -0.0221 -0.6828
vn -0.5697 -0.0454 -0.8206
vn -0.5973 0.1340 -0.7907
vn -0.1694 -0.9251 0.3398
vn -0.3769 -0.7532 0.5391
vn -0.5193 -0.7949 0.3137
vn -0.5555 -0.8302 0.0482
vn -0.7326 -0.6617 0.1596
vn -0.6224 -0.5196 0.5853
vn -0.8294 -0.4376 0.3473
vn -0.2131 -0.6324 0.7448
vn 0.0207 -0.8257 0.5638
vn 0.0669 -0.9480 0.3113
vn -0.1067 -0.9774 0.1822
vn -0.3328 -0.9429 0.0139
vn -0.6019 -0.7913 -0.1077
vn -0.8639 -0.5022 -0.0374
vn -0.7171 -0.6396 -0.2769
vn -0.9240 -0.2688 -0.2718
vn -0.7760 -0.4023 -0.4858
vn -0.8654 -0.2996 -0.4016
vn -0.6686 -0.4905 -0.5589
vn 0.1478 -0.9687 0.1996
vn 0.2125 -0.9737 0.0826
vn -0.1259 -0.9920 0.0063
vn 0.2650 -0.9474 -0.1795
vn 0.5021 -0.8647 -0.0125
vn -0.0301 -0.9714 -0.2356
vn -0.3466 -0.8969 -0.2747
vn 0.2980 -0.8836 0.3612
vn 0.4916 -0.8571 0.1540
vn -0.7902 -0.4853 -0.3742
vn -0.6942 -0.3466 -0.6308
vn -0.5115 -0.7379 -0.4403
vn -0.2068 -0.8697 -0.4483
vn 0.0542 -0.9027 -0.4268
vn 0.4243 -0.7923 -0.4384
vn 0.5356 -0.7919 -0.2931
vn 0.6943 -0.5252 -0.4921
vn 0.3765 -0.8477 -0.3738
vn 0.6375 -0.6722 -0.3765
vn 0.2365 -0.9535 -0.1871
vn 0.6148 -0.7559 -0.2251
vn -0.0068 -0.8679 -0.4968
vn 0.1149 -0.9232 -0.3666
vn -0.1196 -0.9260 -0.3582
vn -0.4275 -0.8092 -0.4031
vn -0.6647 -0.5987 -0.4469
vn -0.8471 -0.2618 -0.4625
vn -0.5216 0.0075 -0.8531
vn -0.9552 0.1280 -0.2669
vn -0.6273 0.4870 -0.6078
vn -0.7741 0.5458 -0.3207
vn -0.2451 0.7493 -0.6153
vn -0.9572 0.0148 -0.2890
vn -0.8487 -0.2743 -0.4521
vn -0.7259 -0.6479 -0.2308
vn -0.0684 0.0743 -0.9949
vn -0.9470 -0.2396 -0.2142
vn -0.8260 -0.5156 -0.2278
vn 0.0442 -0.9691 -0.2425
vn -0.2729 -0.9319 -0.2388
vn -0.6118 -0.7589 -0.2230
vn -0.2395 -0.9509 -0.1959
vn -0.3259 -0.9018 -0.2837
vn 0.1091 -0.9394 -0.3251
vn 0.5618 -0.7864 -0.2569
vn 0.8613 -0.4596 -0.2166
vn 0.8715 -0.2793 -0.4030
vn 0.8488 -0.0285 -0.5279
vn 0.7202 -0.3503 -0.5988
vn 0.4198 -0.2024 -0.8848
vn 0.4739 -0.6480 -0.5962
vn 0.1268 -0.6912 -0.7115
vn 0.0594 -0.9546 -0.2920
vn -0.4319 -0.8596 -0.2729
vn -0.2971 -0.6345 -0.7135
vn 0.6997 -0.5420 -0.4655
vn -0.0492 -0.7157 -0.6967
vn 0.7710 -0.4140 -0.4840
vn 0.8980 -0.3793 -0.2229
vn 0.5242 0.1124 -0.8441
vn -0.4192 -0.0568 -0.9061
vn 0.3826 0.8683 -0.3156
vn 0.7741 0.5378 -0.3340
vn 0.4277 0.8767 -0.2201
vn 0.5049 0.8306 -0.2349
vn 0.3261 0.7219 -0.6104
vn 0.6382 0.4266 -0.6408
vn 0.9650 0.0285 -0.2608
vn 0.9436 0.0728 -0.3230
vn 0.0258 0.8563 -0.5159
vn 0.0955 0.3238 -0.9413
vn -0.3419 0.7535 -0.5616
vn -0.3755 -0.2458 -0.8936
vn 0.0786 -0.0508 -0.9956
vn 0.0949 0.3987 -0.9122
vn -0.3407 0.0459 -0.9390
vn -0.0713 0.2093 -0.9753
vn -0.8057 0.3500 -0.4779
vn -0.3529 0.4379 -0.8269
vn 0.4203 0.2124 -0.8822
vn 0.9205 -0.3036 -0.2461
vn 0.6628 -0.2338 -0.7113
vn 0.6505 -0.6947 -0.3069
vn 0.8859 -0.0252 -0.4631
vn 0.5935 -0.5220 -0.6125
vn 0.9877 -0.1091 -0.1122
vn 0.9428 0.3286 -0.0554
vn 0.9970 0.0765 -0.0065
vn 0.9135 0.4041 -0.0472
vn 0.8917 0.4087 0.1943
vn 0.7390 0.6629 0.1200
vn 0.6708 0.7177 0.1868
vn 0.4026 0.9150 0.0257
vn 0.0734 0.9919 0.1037
vn -0.2606 0.9454 -0.1957
vn -0.4698 0.8782 -0.0896
vn -0.6500 0.6916 -0.3150
vn -0.7116 0.6261 -0.3188
vn -0.2766 0.7272 -0.6282
vn 0.2688 0.5826 -0.7670
vn 0.6967 0.4928 -0.5213
vn 0.3754 0.7475 -0.5480
vn 0.3080 0.9307 -0.1972
vn -0.3015 0.9533 -0.0195
vn 0.2882 0.9360 0.2023
vn -0.6664 -0.5118 -0.5422
vn -0.8163 -0.3380 -0.4683
vn -0.9243 -0.0212 -0.3812
vn -0.8293 0.3589 -0.4282
vn -0.2670 0.8501 -0.4539
vn 0.3894 0.8556 -0.3410
vn 0.6949 0.7089 -0.1208
vn 0.9475 0.2983 -0.1153
vn 0.8605 -0.4312 -0.2712
vn 0.6822 -0.6274 -0.3755
vn 0.4551 -0.8623 -0.2219
vn -0.0002 -0.9427 -0.3338
vn -0.5338 -0.8113 -0.2384
vn -0.8517 -0.2658 -0.4517
vn -0.3722 0.1853 -0.9095
vn 0.0665 0.7327 -0.6773
vn 0.6318 0.6412 -0.4355
vn 0.9169 0.0043 -0.3991
vn 0.5615 -0.1121 -0.8198
vn 0.5962 -0.7340 -0.3253
vn 0.8849 -0.4579 -0.0851
vn -0.1682 -0.6562 -0.7356
vn 0.8262 -0.5148 -0.2290
vn 0.8442 -0.4558 -0.2821
vn 0.9764 -0.1851 -0.1116
vn 0.9830 -0.1834 0.0094
vn 0.9652 0.2455 0.0906
vn 0.8799 0.4096 0.2408
vn 0.6217 0.7210 0.3060
vn 0.7393 0.6409 0.2064
vn 0.4470 0.7972 0.4058
vn 0.8909 -0.2956 -0.3449
vn 0.9838 0.1772 0.0282
vn 0.9945 0.0206 -0.1030
vn 0.9068 0.3760 0.1905
vn 0.9138 0.1900 0.3589
vn 0.7618 0.4487 0.4673
vn 0.7560 0.2048 0.6217
vn 0.6174 0.4289 0.6595
vn 0.7295 0.6105 0.3084
vn 0.9892 -0.0489 -0.1382
vn 0.9798 -0.0057 0.1998
vn 0.9178 0.0944 0.3857
vn 0.4247 0.5949 0.6824
vn 0.4521 0.3034 0.8388
vn 0.6017 0.2473 0.7595
vn 0.7693 0.2652 0.5813
vn 0.9074 -0.1002 0.4081
vn 0.9165 -0.3270 0.2304
vn 0.9867 -0.1621 0.0080
vn 0.8834 -0.3698 -0.2879
vn 0.8872 -0.4600 0.0354
vn 0.7443 -0.5935 -0.3061
vn 0.2584 0.5772 0.7746
vn -0.0217 0.5689 0.8221
vn 0.1508 0.6428 0.7510
vn 0.4001 0.6242 0.6710
vn 0.4711 0.4001 0.7861
vn 0.7365 -0.0289 0.6758
vn 0.7365 -0.4413 0.5126
vn 0.7227 -0.6689 0.1740
vn 0.6913 -0.7223 -0.0207
vn 0.5676 -0.7300 0.3807
vn 0.4173 -0.6731 0.6106
vn 0.5647 -0.3315 0.7558
vn 0.2605 -0.5456 0.7965
vn 0.3046 -0.0450 0.9514
vn -0.0160 0.2127 0.9770
vn -0.0315 -0.2462 0.9687
vn 0.0032 -0.5963 0.8028
vn -0.6868 -0.0770 0.7228
vn -0.3936 -0.3360 0.8557
vn -0.4088 0.2356 0.8817
vn -0.5078 0.5291 0.6799
vn -0.7627 0.3084 0.5685
vn -0.5309 0.4313 0.7294
vn -0.8364 0.1966 0.5116
vn -0.7057 0.3037 0.6401
vn -0.2706 0.6823 0.6792
vn -0.2235 0.5938 0.7730
vn -0.3131 0.2727 0.9097
vn -0.4923 0.2150 0.8434
vn -0.9059 -0.0967 0.4124
vn -0.9482 -0.0889 0.3049
vn -0.8790 0.1767 0.4428
vn -0.9842 0.0026 0.1771
vn -0.4937 0.3248 0.8067
vn -0.2143 0.3055 0.9278
vn -0.0929 0.6070 0.7892
vn -0.9238 -0.3388 0.1785
vn -0.9836 -0.1703 -0.0591
vn -0.9905 0.1236 -0.0597
vn -0.9345 0.3070 0.1799
vn -0.7973 0.4526 0.3993
vn -0.7700 0.5907 0.2413
vn -0.5201 0.7514 0.4060
vn -0.5252 0.8150 0.2449
vn -0.7951 0.5858 0.1573
vn -0.8972 0.4239 0.1237
vn -0.9796 0.1939 -0.0531
vn -0.9733 0.2031 0.1066
vn -0.5481 0.8201 -0.1644
vn -0.5899 0.7298 -0.3455
vn -0.8392 0.5294 -0.1244
vn -0.9353 0.2837 -0.2113
vn -0.9517 0.2844 -0.1155
vn -0.9938 -0.0501 -0.0990
vn -0.9850 0.1691 -0.0358
vn -0.9966 -0.0787 -0.0227
vn -0.9741 -0.2071 -0.0911
vn -0.9808 -0.0594 -0.1856
vn -0.9091 -0.3763 -0.1786
vn -0.8928 -0.3798 -0.2423
vn -0.9395 -0.3192 -0.1245
vn -0.6458 -0.7598 -0.0755
vn -0.6904 -0.6543 -0.3084
vn -0.7678 0.6270 0.1317
vn -0.8013 0.5732 0.1712
vn -0.5107 0.8555 0.0860
vn -0.5573 0.7937 0.2438
vn -0.1224 0.9868 0.1064
vn -0.1468 0.9844 -0.0975
vn 0.2332 0.9724 -0.0049
vn 0.1848 0.9560 -0.2281
vn -0.0394 0.9069 -0.4195
vn -0.6063 0.4762 -0.6369
vn -0.8224 -0.2542 -0.5090
vn -0.4766 -0.8663 -0.1497
vn -0.0322 -0.9901 -0.1369
vn -0.5237 -0.7362 -0.4286
vn -0.3509 -0.4536 -0.8192
vn 0.1138 -0.6937 -0.7112
vn 0.3816 -0.7988 -0.4652
vn 0.3152 -0.9320 -0.1791
vn -0.1835 -0.8262 -0.5327
vn 0.0318 -0.2206 -0.9748
vn -0.0415 0.7369 -0.6747
vn 0.5169 0.7965 -0.3137
vn -0.1389 -0.6018 -0.7865
vn -0.6118 -0.6013 -0.5140
vn -0.0505 -0.9404 -0.3364
vn 0.9003 0.2615 -0.3480
vn 0.9417 0.0371 -0.3345
vn 0.7473 -0.4498 -0.4890
vn 0.5305 0.4465 -0.7206
vn 0.7775 0.5260 -0.3447
vn 0.7940 0.5601 -0.2363
vn 0.6241 0.7208 -0.3015
vn 0.0930 0.8520 -0.5153
vn -0.0979 0.9684 -0.2295
vn -0.5194 0.8179 -0.2475
vn -0.5294 0.7477 -0.4009
vn 0.4040 0.8848 -0.2322
vn -0.0498 0.9973 0.0547
vn 0.2654 0.9634 0.0380
vn -0.2077 0.9471 0.2448
vn 0.5729 0.8118 -0.1127
vn 0.0926 0.9865 0.1349
vn -0.0440 0.9814 0.1869
vn 0.1413 0.9369 0.3198
vn -0.0301 0.8612 0.5074
vn 0.1888 0.7510 0.6328
vn 0.1373 0.3649 0.9209
vn -0.2430 0.9252 0.2916
vn -0.2605 0.7843 0.5630
vn -0.4920 0.5820 0.6475
vn -0.8941 0.4478 -0.0054
vn 0.6699 0.1534 -0.7265
vn 0.8110 0.5081 -0.2901
vn 0.8668 -0.1457 -0.4768
vn -0.0411 -0.3163 -0.9478
vn -0.1321 -0.6907 -0.7110
vn 0.2686 -0.7331 -0.6248
vn 0.2618 -0.8177 -0.5127
vt 0.840723 0.255421
vt 0.838101 0.232906
vt 0.886582 0.250017
vt 0.788754 0.256060
vt 0.842291 0.163792
vt 0.879098 0.160059
vt 0.881452 0.164664
vt 0.865625 0.167865
vt 0.875158 0.171098
vt 0.836225 0.175778
vt 0.832306 0.184481
vt 0.827673 0.175900
vt 0.825625 0.186371
vt 0.839851 0.190834
vt 0.827875 0.196952
vt 0.851717 0.200748
vt 0.843635 0.209904
vt 0.884897 0.205402
vt 0.896552 0.213625
vt 0.910565 0.217294
vt 0.931158 0.227639
vt 0.928556 0.191631
vt 0.912924 0.187124
vt 0.901317 0.181630
vt 0.866020 0.190405
vt 0.862289 0.181573
vt 0.891031 0.179321
vt 0.881355 0.175883
vt 0.885607 0.170148
vt 0.887240 0.163718
vt 0.887800 0.158392
vt 0.880242 0.156311
vt 0.885171 0.152859
vt 0.860463 0.156146
vt 0.863559 0.148917
vt 0.888199 0.147303
vt 0.865934 0.137530
vt 0.889172 0.140270
vt 0.868584 0.123805
vt 0.894081 0.147123
vt 0.892729 0.152275
vt 0.892936 0.157206
vt 0.899212 0.155361
vt 0.901646 0.150017
vt 0.896799 0.143261
vt 0.903456 0.145152
vt 0.894871 0.173227
vt 0.894327 0.168463
vt 0.896236 0.160919
vt 0.898234 0.158492
vt 0.900626 0.156223
vt 0.910696 0.146028
vt 0.902358 0.131017
vt 0.896877 0.135609
vt 0.909772 0.152290
vt 0.925860 0.150210
vt 0.924365 0.143877
vt 0.944237 0.166297
vt 0.908866 0.124722
vt 0.917609 0.179260
vt 0.912390 0.165401
vt 0.906325 0.161179
vt 0.899969 0.159963
vt 0.899472 0.162248
vt 0.898024 0.163401
vt 0.901263 0.172486
vt 0.909306 0.178331
vt 0.903510 0.172300
vt 0.904406 0.164701
vt 0.908732 0.169844
vt 0.836130 0.169385
vt 0.827616 0.168371
vt 0.830734 0.161890
vt 0.841914 0.157201
vt 0.832440 0.154336
vt 0.837123 0.149965
vt 0.821516 0.197315
vt 0.820137 0.181187
vt 0.820454 0.172438
vt 0.823463 0.162296
vt 0.825561 0.152846
vt 0.827375 0.144373
vt 0.838118 0.141072
vt 0.843169 0.145815
vt 0.806832 0.191411
vt 0.805793 0.215907
vt 0.742872 0.179811
vt 0.810155 0.177276
vt 0.813474 0.160840
vt 0.816830 0.152079
vt 0.812344 0.141205
vt 0.825141 0.134418
vt 0.809933 0.129388
vt 0.825608 0.118700
vt 0.838754 0.128630
vt 0.788607 0.140135
vt 0.782621 0.110772
vt 0.820695 0.045443
vt 0.789417 0.015562
vt 0.901315 0.000220
vt 0.742872 0.078118
vt 0.797684 0.155188
vt 0.869304 0.111426
vt 0.872192 0.090391
vt 0.817082 0.110862
vt 0.819559 0.088554
vt 0.882242 0.058637
vt 0.914840 0.115082
vt 0.933664 0.104787
vt 0.954462 0.078175
vt 0.856594 0.752427
vt 0.852275 0.692342
vt 0.864526 0.752741
vt 0.848469 0.742937
vt 0.850046 0.662787
vt 0.836269 0.656747
vt 0.844294 0.649384
vt 0.835658 0.664895
vt 0.837304 0.683378
vt 0.840017 0.716060
vt 0.837411 0.757320
vt 0.851447 0.765395
vt 0.843241 0.773620
vt 0.854638 0.776412
vt 0.840757 0.816416
vt 0.869746 0.788496
vt 0.868973 0.819255
vt 0.878378 0.788419
vt 0.915095 0.797324
vt 0.897237 0.777139
vt 0.926379 0.734675
vt 0.833902 0.774157
vt 0.821478 0.682017
vt 0.822656 0.661995
vt 0.828291 0.703065
vt 0.825608 0.728741
vt 0.828816 0.759312
vt 0.826828 0.778052
vt 0.826590 0.811889
vt 0.820296 0.832282
vt 0.769142 0.815575
vt 0.798524 0.794170
vt 0.789915 0.768865
vt 0.810514 0.774248
vt 0.804080 0.759842
vt 0.814644 0.755151
vt 0.816385 0.729451
vt 0.797220 0.727669
vt 0.809834 0.678057
vt 0.814720 0.651727
vt 0.827758 0.652017
vt 0.835146 0.627905
vt 0.808261 0.629365
vt 0.804636 0.611255
vt 0.780452 0.647427
vt 0.767170 0.634239
vt 0.766861 0.673263
vt 0.748030 0.660653
vt 0.762389 0.733645
vt 0.748030 0.743328
vt 0.780834 0.675290
vt 0.783588 0.713851
vt 0.780996 0.736306
vt 0.799145 0.667381
vt 0.791348 0.654292
vt 0.643646 0.215241
vt 0.645070 0.209017
vt 0.651144 0.213680
vt 0.638692 0.203956
vt 0.631178 0.209710
vt 0.625478 0.187049
vt 0.638714 0.187613
vt 0.634262 0.161638
vt 0.648031 0.173853
vt 0.639778 0.146839
vt 0.642877 0.153181
vt 0.646850 0.129659
vt 0.646226 0.145252
vt 0.661598 0.152739
vt 0.654957 0.159549
vt 0.657597 0.178185
vt 0.652926 0.195387
vt 0.655485 0.208149
vt 0.641814 0.132194
vt 0.649653 0.161856
vt 0.615362 0.121467
vt 0.611902 0.129508
vt 0.605882 0.112321
vt 0.611799 0.144656
vt 0.621585 0.123954
vt 0.616281 0.156824
vt 0.630231 0.144964
vt 0.633476 0.129667
vt 0.622848 0.118619
vt 0.634741 0.116064
vt 0.642865 0.119075
vt 0.651562 0.118561
vt 0.665390 0.113735
vt 0.608696 0.102961
vt 0.600515 0.098656
vt 0.606024 0.087480
vt 0.594721 0.088442
vt 0.710842 0.128320
vt 0.706894 0.093027
vt 0.721415 0.098387
vt 0.697924 0.120076
vt 0.693546 0.094952
vt 0.677105 0.126052
vt 0.672328 0.099567
vt 0.656933 0.077001
vt 0.645003 0.100383
vt 0.639924 0.105071
vt 0.626059 0.096586
vt 0.627489 0.108244
vt 0.610425 0.075906
vt 0.676364 0.091221
vt 0.589076 0.075695
vt 0.593178 0.070590
vt 0.607721 0.070492
vt 0.620837 0.077306
vt 0.627368 0.084190
vt 0.638301 0.089004
vt 0.649842 0.073937
vt 0.659949 0.066338
vt 0.674997 0.075623
vt 0.696766 0.082716
vt 0.717243 0.086043
vt 0.615244 0.064882
vt 0.589118 0.100674
vt 0.579717 0.087790
vt 0.582101 0.069516
vt 0.674634 0.054748
vt 0.705133 0.079022
vt 0.718221 0.077001
vt 0.730693 0.091608
vt 0.707108 0.063517
vt 0.686569 0.050798
vt 0.672033 0.040660
vt 0.657368 0.027736
vt 0.652844 0.032940
vt 0.637398 0.061693
vt 0.632323 0.074771
vt 0.620910 0.038662
vt 0.621744 0.033809
vt 0.594620 0.053549
vt 0.589030 0.036404
vt 0.613143 0.023180
vt 0.627044 0.022889
vt 0.636743 0.024359
vt 0.645172 0.024849
vt 0.591944 0.002233
vt 0.578980 0.045947
vt 0.581631 0.020924
vt 0.579102 0.000220
vt 0.572386 0.036687
vt 0.544959 0.007288
vt 0.513784 0.092225
vt 0.491146 0.114107
vt 0.504284 0.089940
vt 0.503893 0.075375
vt 0.524799 0.079419
vt 0.521015 0.061435
vt 0.529804 0.054427
vt 0.524061 0.045377
vt 0.536137 0.040914
vt 0.536119 0.019624
vt 0.543048 0.025233
vt 0.537703 0.007471
vt 0.551999 0.034956
vt 0.568623 0.048016
vt 0.557215 0.051724
vt 0.541279 0.051632
vt 0.566021 0.060729
vt 0.556393 0.058263
vt 0.540186 0.059220
vt 0.505689 0.054236
vt 0.490707 0.068823
vt 0.496344 0.048516
vt 0.524004 0.019877
vt 0.502742 0.121515
vt 0.521409 0.094263
vt 0.524988 0.088986
vt 0.532361 0.079299
vt 0.555279 0.075163
vt 0.562984 0.085560
vt 0.573653 0.077977
vt 0.573885 0.092136
vt 0.576728 0.103035
vt 0.584800 0.118571
vt 0.593832 0.109420
vt 0.557798 0.093240
vt 0.589829 0.160052
vt 0.597007 0.138768
vt 0.601703 0.159508
vt 0.604831 0.144315
vt 0.606100 0.133635
vt 0.594072 0.132083
vt 0.574547 0.130324
vt 0.562827 0.104257
vt 0.548101 0.104902
vt 0.598759 0.124935
vt 0.577637 0.157384
vt 0.563889 0.120810
vt 0.554871 0.114373
vt 0.597886 0.161690
vt 0.602577 0.180271
vt 0.619305 0.223925
vt 0.614035 0.201929
vt 0.619351 0.203898
vt 0.611126 0.186961
vt 0.609737 0.196102
vt 0.598385 0.180062
vt 0.591323 0.166658
vt 0.577336 0.161949
vt 0.625605 0.211585
vt 0.629404 0.229026
vt 0.623986 0.237268
vt 0.612700 0.228207
vt 0.606191 0.212029
vt 0.605024 0.197511
vt 0.588837 0.177457
vt 0.578663 0.166745
vt 0.569652 0.165450
vt 0.569664 0.158814
vt 0.609164 0.244927
vt 0.608874 0.234037
vt 0.605634 0.233584
vt 0.597034 0.211570
vt 0.595705 0.197383
vt 0.574220 0.168306
vt 0.568207 0.167869
vt 0.561667 0.167171
vt 0.558855 0.159203
vt 0.565871 0.143118
vt 0.538346 0.202699
vt 0.542029 0.175449
vt 0.546898 0.180302
vt 0.547058 0.160124
vt 0.550682 0.169770
vt 0.564278 0.172552
vt 0.572377 0.194966
vt 0.559612 0.178660
vt 0.551187 0.187226
vt 0.553305 0.202594
vt 0.550396 0.224937
vt 0.539094 0.225074
vt 0.548117 0.240017
vt 0.530251 0.227893
vt 0.537211 0.248455
vt 0.508746 0.231674
vt 0.530264 0.257742
vt 0.497638 0.239390
vt 0.500642 0.225422
vt 0.516111 0.207201
vt 0.570359 0.200516
vt 0.562038 0.193944
vt 0.546870 0.307836
vt 0.535138 0.309121
vt 0.546259 0.298194
vt 0.538625 0.286906
vt 0.542368 0.269894
vt 0.539636 0.256875
vt 0.548220 0.250843
vt 0.554201 0.235376
vt 0.559699 0.229640
vt 0.567449 0.218536
vt 0.576892 0.211696
vt 0.582882 0.211524
vt 0.540037 0.316723
vt 0.530030 0.319097
vt 0.497451 0.317714
vt 0.502427 0.297722
vt 0.576593 0.284098
vt 0.574173 0.281345
vt 0.582826 0.283915
vt 0.566719 0.286961
vt 0.559392 0.268922
vt 0.550972 0.256571
vt 0.561163 0.250991
vt 0.570197 0.254172
vt 0.567007 0.232175
vt 0.573539 0.275038
vt 0.566046 0.263629
vt 0.578402 0.277796
vt 0.589033 0.285412
vt 0.579452 0.293661
vt 0.560185 0.290191
vt 0.553538 0.300746
vt 0.568648 0.306081
vt 0.583094 0.299541
vt 0.589580 0.297888
vt 0.577313 0.272911
vt 0.575900 0.264668
vt 0.588105 0.279241
vt 0.575089 0.324037
vt 0.572586 0.309232
vt 0.579286 0.307936
vt 0.589353 0.304005
vt 0.622551 0.310216
vt 0.610200 0.305424
vt 0.624357 0.300788
vt 0.617420 0.298187
vt 0.611057 0.297996
vt 0.610873 0.293417
vt 0.604502 0.296073
vt 0.601402 0.293440
vt 0.598832 0.298309
vt 0.594398 0.293757
vt 0.592698 0.292240
vt 0.592337 0.285189
vt 0.592502 0.278159
vt 0.589486 0.265061
vt 0.608990 0.287688
vt 0.593130 0.268610
vt 0.594216 0.262341
vt 0.598626 0.260456
vt 0.586858 0.237739
vt 0.586042 0.255402
vt 0.582179 0.257100
vt 0.578290 0.246412
vt 0.573478 0.225951
vt 0.583241 0.225201
vt 0.577219 0.215146
vt 0.603894 0.263242
vt 0.603880 0.256294
vt 0.597787 0.245647
vt 0.595942 0.228222
vt 0.591090 0.214786
vt 0.611975 0.259537
vt 0.624939 0.246359
vt 0.619077 0.256955
vt 0.630172 0.243516
vt 0.634955 0.250584
vt 0.635974 0.233623
vt 0.618295 0.262664
vt 0.614590 0.269050
vt 0.621856 0.264575
vt 0.627964 0.272988
vt 0.622777 0.291224
vt 0.618992 0.285417
vt 0.613765 0.286957
vt 0.612652 0.282259
vt 0.621655 0.326501
vt 0.621937 0.317118
vt 0.629292 0.323551
vt 0.633889 0.313381
vt 0.629235 0.301773
vt 0.628564 0.297255
vt 0.610283 0.281586
vt 0.606482 0.278628
vt 0.633428 0.326828
vt 0.614269 0.317265
vt 0.609248 0.311283
vt 0.603278 0.303436
vt 0.603615 0.315612
vt 0.609058 0.321816
vt 0.612813 0.335378
vt 0.623306 0.333222
vt 0.629710 0.357251
vt 0.593618 0.305751
vt 0.598181 0.313663
vt 0.600201 0.327283
vt 0.606499 0.330899
vt 0.610281 0.344847
vt 0.614824 0.355412
vt 0.623522 0.382740
vt 0.636824 0.380246
vt 0.604908 0.341269
vt 0.604841 0.355235
vt 0.604800 0.364864
vt 0.608601 0.380275
vt 0.618377 0.397059
vt 0.640308 0.397195
vt 0.646340 0.381861
vt 0.647545 0.360046
vt 0.641548 0.347891
vt 0.610399 0.407166
vt 0.648067 0.310707
vt 0.642549 0.322133
vt 0.649460 0.340890
vt 0.660457 0.364204
vt 0.653062 0.387026
vt 0.647405 0.397348
vt 0.641882 0.407813
vt 0.624745 0.415810
vt 0.617488 0.426653
vt 0.603806 0.434787
vt 0.623392 0.433790
vt 0.612098 0.447302
vt 0.657439 0.437823
vt 0.637319 0.439118
vt 0.648244 0.418428
vt 0.633048 0.421277
vt 0.654168 0.409565
vt 0.661729 0.386875
vt 0.685683 0.428039
vt 0.679868 0.425882
vt 0.742432 0.472968
vt 0.727903 0.502268
vt 0.721274 0.476552
vt 0.711496 0.456082
vt 0.717379 0.425729
vt 0.703483 0.448952
vt 0.705710 0.413226
vt 0.695599 0.447830
vt 0.704002 0.394616
vt 0.689782 0.430728
vt 0.692717 0.402586
vt 0.681815 0.446775
vt 0.673793 0.424955
vt 0.661354 0.420600
vt 0.727132 0.360573
vt 0.709682 0.368569
vt 0.699406 0.322666
vt 0.725170 0.375183
vt 0.718260 0.396390
vt 0.731921 0.408417
vt 0.680750 0.482073
vt 0.666015 0.463018
vt 0.679120 0.464032
vt 0.694262 0.458142
vt 0.685449 0.500364
vt 0.704003 0.459646
vt 0.671506 0.450227
vt 0.659731 0.451868
vt 0.667813 0.435812
vt 0.669742 0.489182
vt 0.710849 0.503265
vt 0.635865 0.454178
vt 0.646508 0.462588
vt 0.651604 0.474266
vt 0.656116 0.496426
vt 0.670851 0.531814
vt 0.692814 0.532017
vt 0.703629 0.542410
vt 0.626585 0.502343
vt 0.634882 0.461355
vt 0.626411 0.460373
vt 0.622793 0.476507
vt 0.612369 0.489832
vt 0.620437 0.500656
vt 0.610226 0.501502
vt 0.603771 0.523486
vt 0.582531 0.528999
vt 0.586352 0.532383
vt 0.578134 0.534733
vt 0.571767 0.547995
vt 0.571616 0.530006
vt 0.559445 0.534065
vt 0.566403 0.519188
vt 0.562162 0.507056
vt 0.566067 0.493416
vt 0.611090 0.477624
vt 0.592366 0.436360
vt 0.588762 0.421806
vt 0.576248 0.432438
vt 0.576445 0.441593
vt 0.573218 0.441006
vt 0.571499 0.465385
vt 0.581529 0.475314
vt 0.568915 0.482301
vt 0.571016 0.493466
vt 0.570460 0.521657
vt 0.579771 0.525892
vt 0.601737 0.494793
vt 0.576401 0.497087
vt 0.562548 0.487989
vt 0.562383 0.476925
vt 0.561048 0.454665
vt 0.569257 0.426659
vt 0.577022 0.423725
vt 0.595845 0.405777
vt 0.604280 0.388378
vt 0.600315 0.379432
vt 0.593264 0.376967
vt 0.551173 0.436039
vt 0.554554 0.449074
vt 0.549884 0.491095
vt 0.557732 0.471042
vt 0.549139 0.479016
vt 0.542604 0.468457
vt 0.542700 0.423424
vt 0.533851 0.447464
vt 0.535266 0.475968
vt 0.525644 0.453333
vt 0.526719 0.469615
vt 0.522299 0.432857
vt 0.530051 0.416564
vt 0.544884 0.405578
vt 0.562195 0.424104
vt 0.553492 0.421946
vt 0.551604 0.405760
vt 0.547197 0.389972
vt 0.533615 0.400032
vt 0.500886 0.435027
vt 0.506260 0.469775
vt 0.523464 0.485991
vt 0.540445 0.498025
vt 0.552276 0.500852
vt 0.540087 0.379559
vt 0.548682 0.372948
vt 0.529491 0.388358
vt 0.515416 0.401043
vt 0.498470 0.437378
vt 0.497229 0.463530
vt 0.490689 0.490697
vt 0.487451 0.484646
vt 0.477287 0.492645
vt 0.480101 0.464753
vt 0.487721 0.453264
vt 0.479336 0.512906
vt 0.502111 0.524079
vt 0.513344 0.499901
vt 0.518576 0.510279
vt 0.522873 0.501546
vt 0.528672 0.507809
vt 0.524006 0.496971
vt 0.544360 0.525899
vt 0.529168 0.516494
vt 0.520849 0.530769
vt 0.551783 0.517890
vt 0.554503 0.539452
vt 0.539711 0.537865
vt 0.529951 0.527735
vt 0.517824 0.544332
vt 0.511945 0.562288
vt 0.488636 0.533146
vt 0.467115 0.521460
vt 0.461888 0.492710
vt 0.476791 0.434262
vt 0.464444 0.417071
vt 0.481156 0.425771
vt 0.585162 0.592629
vt 0.580552 0.584787
vt 0.608183 0.610815
vt 0.573277 0.586930
vt 0.564948 0.573269
vt 0.574389 0.567881
vt 0.548116 0.564140
vt 0.539155 0.576506
vt 0.533000 0.569656
vt 0.549856 0.550342
vt 0.531285 0.545063
vt 0.581994 0.555396
vt 0.581782 0.569251
vt 0.597699 0.575762
vt 0.622653 0.609079
vt 0.607877 0.561233
vt 0.631747 0.605106
vt 0.631232 0.574180
vt 0.641949 0.577565
vt 0.597667 0.564914
vt 0.602465 0.550586
vt 0.586332 0.560178
vt 0.645575 0.565682
vt 0.661983 0.557924
vt 0.642076 0.538888
vt 0.652633 0.531369
vt 0.634075 0.527465
vt 0.642316 0.500003
vt 0.634430 0.501338
vt 0.621527 0.516252
vt 0.609587 0.526316
vt 0.615420 0.544143
vt 0.624119 0.552444
vt 0.630428 0.543644
vt 0.633471 0.556402
vt 0.672426 0.582680
vt 0.650091 0.590840
vt 0.649829 0.579293
vt 0.638210 0.598312
vt 0.670080 0.571772
vt 0.681677 0.551304
vt 0.687080 0.568453
vt 0.672339 0.550418
vt 0.880607 0.652809
vt 0.854949 0.641893
vt 0.869316 0.640117
vt 0.866935 0.770786
vt 0.872888 0.755257
vt 0.874164 0.724167
vt 0.887399 0.724885
vt 0.888767 0.681969
vt 0.901511 0.675954
vt 0.892116 0.640322
vt 0.868360 0.617555
vt 0.912055 0.732650
vt 0.925994 0.657325
vt 0.910306 0.627874
vt 0.881097 0.759105
vt 0.893923 0.731121
vt 0.889297 0.769310
vt 0.874464 0.778148
vt 0.597308 0.279249
vt 0.595665 0.285742
vt 0.601415 0.290906
vt 0.605966 0.283926
vt 0.601649 0.280724
vt 0.599016 0.283221
vt 0.506303 0.214678
vt 0.499974 0.195754
vt 0.505254 0.187774
vt 0.514192 0.190961
vt 0.529401 0.202127
vt 0.533141 0.190663
vt 0.536371 0.181890
vt 0.528172 0.187583
vt 0.482405 0.135387
vt 0.494511 0.130246
vt 0.475555 0.133555
vt 0.473928 0.147020
vt 0.480487 0.145750
vt 0.478421 0.153584
vt 0.494188 0.154113
vt 0.504157 0.168592
vt 0.513068 0.174483
vt 0.522053 0.173819
vt 0.531218 0.176874
vt 0.532617 0.160533
vt 0.539442 0.153441
vt 0.472705 0.156844
vt 0.483396 0.115180
vt 0.515766 0.168599
vt 0.500343 0.214775
vt 0.487669 0.188543
vt 0.474748 0.183481
vt 0.460325 0.163041
vt 0.465864 0.137953
vt 0.476237 0.099353
vt 0.487955 0.098796
vt 0.494943 0.078964
vt 0.495950 0.090449
vt 0.487854 0.219905
vt 0.470140 0.216166
vt 0.461546 0.210081
vt 0.455274 0.179644
vt 0.455921 0.149522
vt 0.475949 0.087118
vt 0.509356 0.061943
vt 0.510171 0.260362
vt 0.487852 0.253934
vt 0.716593 0.171318
vt 0.699103 0.144105
vt 0.718517 0.127353
vt 0.685654 0.167172
vt 0.679757 0.141903
vt 0.690363 0.135953
vt 0.670184 0.180774
vt 0.675313 0.161767
vt 0.668875 0.145490
vt 0.654836 0.217034
vt 0.666849 0.215400
vt 0.734512 0.119954
vt 0.742432 0.183868
vt 0.713228 0.207644
vt 0.702608 0.188745
vt 0.693827 0.220531
vt 0.683967 0.215229
vt 0.672481 0.241394
vt 0.661014 0.234206
vt 0.648496 0.238139
vt 0.635989 0.222591
vt 0.698804 0.241843
vt 0.733886 0.222337
vt 0.720839 0.230130
vt 0.701293 0.277080
vt 0.679903 0.265240
vt 0.657302 0.247289
vt 0.655354 0.255327
vt 0.649721 0.301632
vt 0.635627 0.289781
vt 0.644508 0.278277
vt 0.636532 0.276857
vt 0.658377 0.262056
vt 0.663327 0.255039
vt 0.665844 0.245887
vt 0.666838 0.261342
vt 0.664110 0.281532
vt 0.672603 0.299527
vt 0.664523 0.312306
vt 0.656914 0.322598
vt 0.615451 0.183239
vt 0.610087 0.161055
vt 0.610669 0.175342
vt 0.621231 0.162874
vt 0.693460 0.359823
vt 0.690186 0.384813
vt 0.682121 0.337618
vt 0.675826 0.357808
vt 0.673225 0.384665
vt 0.678942 0.390233
vt 0.661364 0.347163
vt 0.588860 0.492428
vt 0.584567 0.488406
vt 0.590234 0.465235
vt 0.600897 0.475799
vt 0.605460 0.463940
vt 0.596765 0.449759
vt 0.516420 0.157562
vt 0.497712 0.138967
vt 0.505919 0.137279
vt 0.517121 0.131962
vt 0.525449 0.156908
vt 0.533482 0.129204
vt 0.535439 0.140370
vt 0.541566 0.117314
vt 0.545307 0.122313
vt 0.551327 0.123803
vt 0.544583 0.109578
vt 0.535582 0.097340
vt 0.544280 0.095501
vt 0.521797 0.163185
vt 0.506218 0.127974
vt 0.522657 0.117452
vt 0.530136 0.109432
vt 0.528257 0.097239
vt 0.532970 0.091222
vt 0.541045 0.080763
vt 0.556984 0.130108
vt 0.544557 0.136066
vt 0.554462 0.146963
vt 0.548481 0.125372
vt 0.554630 0.350751
vt 0.566873 0.322347
vt 0.573113 0.339715
vt 0.553472 0.365063
vt 0.544210 0.359411
vt 0.558354 0.361900
vt 0.579255 0.348107
vt 0.592929 0.368711
vt 0.598148 0.353051
vt 0.588591 0.369708
vt 0.595140 0.349651
vt 0.584895 0.362628
vt 0.583328 0.330151
vt 0.579693 0.330462
vt 0.563735 0.315120
vt 0.563235 0.366420
vt 0.571876 0.360264
vt 0.579467 0.357627
vt 0.579647 0.371565
vt 0.589492 0.375685
vt 0.594345 0.387342
vt 0.577308 0.397568
vt 0.568633 0.411390
vt 0.556871 0.401649
vt 0.566029 0.395628
vt 0.582534 0.378483
vt 0.588729 0.382451
vt 0.501221 0.408046
vt 0.513226 0.390192
vt 0.521207 0.368609
vt 0.562260 0.391034
vt 0.567178 0.373748
vt 0.482600 0.407462
vt 0.504484 0.370140
vt 0.519999 0.351172
vt 0.535524 0.344977
vt 0.532581 0.327355
vt 0.555957 0.329180
vt 0.518237 0.327019
vt 0.502307 0.349525
vt 0.490798 0.386675
vt 0.476803 0.351316
vt 0.480220 0.361187
vt 0.472196 0.388423
vt 0.587132 0.318202
vt 0.581719 0.320931
vt 0.587837 0.312316
vt 0.579957 0.316779
vt 0.595536 0.333642
vt 0.599078 0.341954
vt 0.849785 0.310507
vt 0.848632 0.326493
vt 0.820767 0.310522
vt 0.887243 0.344436
vt 0.851125 0.342749
vt 0.831472 0.350899
vt 0.825428 0.363980
vt 0.819586 0.350965
vt 0.814810 0.362616
vt 0.799029 0.338509
vt 0.762832 0.372809
vt 0.758959 0.327698
vt 0.783960 0.285467
vt 0.854270 0.293543
vt 0.885262 0.309293
vt 0.895523 0.336954
vt 0.913131 0.356410
vt 0.906608 0.364280
vt 0.857574 0.350329
vt 0.836568 0.352080
vt 0.893879 0.285484
vt 0.921536 0.347731
vt 0.905038 0.332646
vt 0.916956 0.324003
vt 0.934609 0.317634
vt 0.958933 0.305557
vt 0.902611 0.256500
vt 0.832108 0.264274
vt 0.967200 0.372201
vt 0.935157 0.354102
vt 0.918936 0.360550
vt 0.913748 0.363948
vt 0.909465 0.371597
vt 0.903434 0.373000
vt 0.904378 0.377719
vt 0.894903 0.378223
vt 0.898198 0.384869
vt 0.891464 0.385116
vt 0.889621 0.390688
vt 0.845161 0.387950
vt 0.843928 0.396453
vt 0.830260 0.388497
vt 0.830705 0.398857
vt 0.820601 0.399226
vt 0.910119 0.381429
vt 0.806432 0.397385
vt 0.795360 0.413872
vt 0.821001 0.385494
vt 0.828409 0.379686
vt 0.838441 0.380810
vt 0.873240 0.382264
vt 0.900366 0.390761
vt 0.891587 0.394866
vt 0.911518 0.370805
vt 0.912117 0.381990
vt 0.909247 0.384828
vt 0.906941 0.390486
vt 0.898561 0.398628
vt 0.866629 0.396779
vt 0.836466 0.405824
vt 0.821391 0.412135
vt 0.837128 0.418193
vt 0.816497 0.427201
vt 0.913744 0.384171
vt 0.912553 0.386644
vt 0.871364 0.406384
vt 0.844344 0.411263
vt 0.916452 0.388029
vt 0.919719 0.379493
vt 0.915271 0.389816
vt 0.908618 0.396696
vt 0.904466 0.405141
vt 0.875836 0.422474
vt 0.837304 0.436691
vt 0.881364 0.442950
vt 0.884057 0.462920
vt 0.922137 0.419101
vt 0.933526 0.424410
vt 0.927269 0.400818
vt 0.938154 0.394388
vt 0.921529 0.394984
vt 0.912706 0.402997
vt 0.908209 0.414684
vt 0.918347 0.407241
vt 0.930486 0.386464
vt 0.922537 0.371947
vt 0.950043 0.367907
vt 0.915828 0.377124
vt 0.816765 0.452031
vt 0.890896 0.499339
vt 0.948387 0.432912
vt 0.917020 0.370463
vt 0.962812 0.449423
vt 0.790408 0.434734
vt 0.803402 0.464728
vt 0.808782 0.499339
vt 0.749264 0.469910
vt 0.742872 0.414301
vt 0.806267 0.381997
vt 0.822053 0.372458
vt 0.846339 0.358702
vt 0.871508 0.358788
vt 0.868506 0.367230
vt 0.898448 0.368062
vt 0.889521 0.373011
vt 0.837579 0.364633
vt 0.883711 0.378452
vt 0.839742 0.373622
vt 0.830848 0.371566
vt 0.831977 0.361227
vt 0.825540 0.335088
vt 0.071872 0.911195
vt 0.054354 0.895433
vt 0.065055 0.883703
vt 0.046755 0.909742
vt 0.034901 0.887896
vt 0.066179 0.935654
vt 0.035421 0.917567
vt 0.020231 0.890371
vt 0.015019 0.828097
vt 0.036813 0.848361
vt 0.000220 0.904109
vt 0.021447 0.932226
vt 0.063376 0.955597
vt 0.095632 0.935520
vt 0.085809 0.909934
vt 0.079652 0.899688
vt 0.076803 0.878885
vt 0.093121 0.895554
vt 0.093076 0.876194
vt 0.108493 0.896214
vt 0.107620 0.865424
vt 0.122276 0.867227
vt 0.094549 0.904141
vt 0.000220 0.816953
vt 0.029883 0.740649
vt 0.116211 0.918002
vt 0.133628 0.942795
vt 0.103947 0.911151
vt 0.123120 0.894909
vt 0.135558 0.874083
vt 0.124477 0.831135
vt 0.146437 0.870874
vt 0.137637 0.828097
vt 0.160810 0.874970
vt 0.142981 0.820766
vt 0.161190 0.815237
vt 0.130232 0.783877
vt 0.135830 0.773596
vt 0.113507 0.769110
vt 0.146110 0.745225
vt 0.088949 0.748106
vt 0.106748 0.772361
vt 0.190263 0.891070
vt 0.175710 0.809920
vt 0.117895 0.801476
vt 0.124828 0.796043
vt 0.112150 0.837942
vt 0.110553 0.805484
vt 0.109061 0.788687
vt 0.113677 0.779829
vt 0.097273 0.787003
vt 0.096749 0.796480
vt 0.103431 0.807057
vt 0.085477 0.769189
vt 0.088757 0.791144
vt 0.085758 0.805180
vt 0.097256 0.816633
vt 0.092377 0.843184
vt 0.082141 0.857070
vt 0.068625 0.832383
vt 0.049850 0.834458
vt 0.081434 0.791577
vt 0.077421 0.832338
vt 0.078194 0.804102
vt 0.076093 0.788844
vt 0.078470 0.767120
vt 0.065946 0.808240
vt 0.062426 0.791366
vt 0.054977 0.773287
vt 0.043533 0.794920
vt 0.034029 0.825894
vt 0.056427 0.803937
vt 0.696929 0.168366
vt 0.685778 0.183255
vt 0.666059 0.711525
vt 0.616730 0.717251
vt 0.629361 0.693263
vt 0.623898 0.723655
vt 0.609009 0.726384
vt 0.615866 0.731789
vt 0.602305 0.734079
vt 0.583861 0.725810
vt 0.678540 0.699212
vt 0.693750 0.736445
vt 0.654463 0.658778
vt 0.611272 0.647025
vt 0.715504 0.756080
vt 0.696914 0.756536
vt 0.684005 0.746408
vt 0.664369 0.726536
vt 0.638315 0.736459
vt 0.650891 0.740667
vt 0.636312 0.748322
vt 0.672669 0.752069
vt 0.683334 0.764638
vt 0.689714 0.767823
vt 0.732173 0.770659
vt 0.747589 0.752703
vt 0.728844 0.727982
vt 0.707740 0.686321
vt 0.682098 0.661268
vt 0.654444 0.630534
vt 0.613271 0.624805
vt 0.646797 0.754699
vt 0.658777 0.764743
vt 0.735126 0.795067
vt 0.695998 0.797495
vt 0.681198 0.786181
vt 0.680867 0.775773
vt 0.676644 0.771879
vt 0.664441 0.769518
vt 0.655528 0.777073
vt 0.634761 0.761480
vt 0.613614 0.757621
vt 0.616418 0.747423
vt 0.599967 0.747888
vt 0.596911 0.755110
vt 0.582050 0.753224
vt 0.580158 0.777429
vt 0.585270 0.782599
vt 0.567313 0.786043
vt 0.594889 0.772654
vt 0.587998 0.763387
vt 0.605600 0.762966
vt 0.621228 0.766282
vt 0.652202 0.780539
vt 0.668717 0.783622
vt 0.674048 0.785862
vt 0.594408 0.784619
vt 0.611204 0.778093
vt 0.612056 0.768477
vt 0.622482 0.774230
vt 0.637623 0.849303
vt 0.669837 0.842398
vt 0.648246 0.860260
vt 0.676241 0.852781
vt 0.687263 0.835132
vt 0.699827 0.840774
vt 0.686655 0.823808
vt 0.708681 0.832609
vt 0.688537 0.814218
vt 0.677924 0.813843
vt 0.668252 0.793487
vt 0.663346 0.793804
vt 0.650523 0.785853
vt 0.632438 0.789464
vt 0.678922 0.861452
vt 0.675864 0.823180
vt 0.662915 0.834291
vt 0.651362 0.805422
vt 0.652482 0.814320
vt 0.667900 0.811073
vt 0.671036 0.816716
vt 0.656049 0.825697
vt 0.649196 0.796750
vt 0.637576 0.811487
vt 0.649983 0.824200
vt 0.628936 0.843621
vt 0.620111 0.857780
vt 0.635707 0.861205
vt 0.646757 0.870881
vt 0.693099 0.867372
vt 0.714606 0.872911
vt 0.729084 0.851618
vt 0.612087 0.850035
vt 0.607205 0.837258
vt 0.615504 0.841257
vt 0.624384 0.832253
vt 0.617358 0.826246
vt 0.603875 0.813167
vt 0.590938 0.814440
vt 0.594006 0.802315
vt 0.583941 0.805058
vt 0.579804 0.814453
vt 0.590718 0.827055
vt 0.579573 0.821529
vt 0.566797 0.816355
vt 0.569745 0.807708
vt 0.571081 0.798183
vt 0.580023 0.793538
vt 0.587986 0.794627
vt 0.595470 0.796519
vt 0.636370 0.798029
vt 0.616306 0.804717
vt 0.563915 0.796072
vt 0.557208 0.812020
vt 0.562585 0.821749
vt 0.576339 0.831763
vt 0.593090 0.837639
vt 0.557564 0.798608
vt 0.570683 0.768879
vt 0.563971 0.779406
vt 0.557192 0.785688
vt 0.549930 0.791174
vt 0.545840 0.808696
vt 0.551713 0.823335
vt 0.559769 0.831283
vt 0.568147 0.840259
vt 0.583901 0.843366
vt 0.571802 0.850256
vt 0.565199 0.861225
vt 0.559235 0.843723
vt 0.550721 0.837297
vt 0.543619 0.829723
vt 0.536837 0.812708
vt 0.539412 0.787665
vt 0.546129 0.777021
vt 0.553090 0.773626
vt 0.559495 0.769235
vt 0.564804 0.753521
vt 0.580014 0.743452
vt 0.600157 0.739812
vt 0.618036 0.739602
vt 0.560501 0.740416
vt 0.569082 0.731015
vt 0.583370 0.735249
vt 0.556096 0.754777
vt 0.550460 0.760373
vt 0.544215 0.763090
vt 0.537102 0.772978
vt 0.523671 0.785031
vt 0.522652 0.768229
vt 0.494576 0.796320
vt 0.490094 0.755526
vt 0.464347 0.772193
vt 0.458322 0.723059
vt 0.488423 0.732637
vt 0.487869 0.710478
vt 0.523859 0.743468
vt 0.455274 0.683490
vt 0.518864 0.754861
vt 0.534580 0.760668
vt 0.540216 0.749519
vt 0.548658 0.746246
vt 0.553027 0.735048
vt 0.555813 0.726038
vt 0.541181 0.733173
vt 0.523931 0.717045
vt 0.524007 0.731855
vt 0.542759 0.718461
vt 0.563084 0.717740
vt 0.590446 0.644334
vt 0.611484 0.706936
vt 0.596760 0.714876
vt 0.591414 0.721428
vt 0.572578 0.710600
vt 0.547998 0.704497
vt 0.528233 0.702621
vt 0.501284 0.700507
vt 0.483050 0.684653
vt 0.582397 0.703018
vt 0.488169 0.654927
vt 0.501837 0.676548
vt 0.505574 0.635077
vt 0.524109 0.662626
vt 0.535864 0.627768
vt 0.565628 0.632103
vt 0.571409 0.611255
vt 0.559907 0.656582
vt 0.558913 0.697671
vt 0.598008 0.867611
vt 0.605745 0.875602
vt 0.594688 0.873736
vt 0.586444 0.884297
vt 0.600330 0.887006
vt 0.577432 0.878566
vt 0.581906 0.867521
vt 0.587931 0.858194
vt 0.614687 0.879193
vt 0.617498 0.889989
vt 0.620828 0.870910
vt 0.615236 0.866500
vt 0.607453 0.859910
vt 0.598283 0.849069
vt 0.639617 0.878748
vt 0.668469 0.894245
vt 0.619542 0.901634
vt 0.652219 0.908175
vt 0.614471 0.925383
vt 0.638889 0.949454
vt 0.580731 0.937293
vt 0.591458 0.968254
vt 0.634486 0.966202
vt 0.661995 0.939269
vt 0.679256 0.927874
vt 0.696603 0.882548
vt 0.673391 0.955696
vt 0.469515 0.915620
vt 0.498245 0.931390
vt 0.483664 0.956851
vt 0.504203 0.972394
vt 0.514560 0.943794
vt 0.538466 0.960819
vt 0.528576 0.990536
vt 0.568829 0.990978
vt 0.612958 0.980646
vt 0.642322 0.981813
vt 0.680234 0.970421
vt 0.702096 0.945228
vt 0.721739 0.903477
vt 0.608933 0.999780
vt 0.558770 0.956505
vt 0.549135 0.904850
vt 0.527558 0.900080
vt 0.501841 0.905324
vt 0.494210 0.892812
vt 0.479092 0.871662
vt 0.514893 0.869963
vt 0.506710 0.857750
vt 0.531541 0.851088
vt 0.518802 0.838210
vt 0.535024 0.840303
vt 0.532710 0.829930
vt 0.522593 0.884503
vt 0.536828 0.877156
vt 0.540952 0.889076
vt 0.455274 0.878659
vt 0.474661 0.828537
vt 0.523134 0.816808
vt 0.530701 0.801471
vt 0.554311 0.896533
vt 0.552299 0.889369
vt 0.551829 0.878866
vt 0.566748 0.884929
vt 0.562049 0.871642
vt 0.552151 0.867372
vt 0.551369 0.853318
vt 0.552070 0.845346
vt 0.542334 0.846435
vt 0.535627 0.862012
vt 0.543871 0.865034
vt 0.578204 0.896039
vt 0.572642 0.902231
vt 0.600982 0.900737
vt 0.390026 0.471093
vt 0.339320 0.503248
vt 0.330968 0.479070
vt 0.293349 0.420140
vt 0.290655 0.454725
vt 0.306836 0.524751
vt 0.277918 0.494721
vt 0.379036 0.584482
vt 0.439070 0.560594
vt 0.454834 0.474403
vt 0.393344 0.375893
vt 0.316336 0.390174
vt 0.282958 0.410413
vt 0.261459 0.433702
vt 0.263628 0.407110
vt 0.238948 0.417484
vt 0.241308 0.399452
vt 0.222857 0.400102
vt 0.245745 0.381200
vt 0.350319 0.323500
vt 0.442274 0.257569
vt 0.324858 0.328094
vt 0.319678 0.371320
vt 0.299636 0.331663
vt 0.295022 0.303674
vt 0.297356 0.357717
vt 0.288194 0.380517
vt 0.366835 0.215384
vt 0.454834 0.153845
vt 0.322481 0.264738
vt 0.217087 0.392560
vt 0.230478 0.383331
vt 0.258579 0.382905
vt 0.271716 0.368549
vt 0.279195 0.352722
vt 0.260974 0.333553
vt 0.279212 0.316040
vt 0.247055 0.327093
vt 0.255161 0.340407
vt 0.247729 0.337965
vt 0.238651 0.351264
vt 0.239439 0.347328
vt 0.262650 0.356118
vt 0.259093 0.346831
vt 0.258640 0.361543
vt 0.251465 0.371240
vt 0.245311 0.372334
vt 0.234519 0.373316
vt 0.221387 0.371292
vt 0.225580 0.370412
vt 0.220794 0.367956
vt 0.232226 0.354910
vt 0.232576 0.353983
vt 0.232559 0.355259
vt 0.232816 0.354523
vt 0.233872 0.355417
vt 0.215214 0.366536
vt 0.232291 0.363041
vt 0.236142 0.362732
vt 0.245828 0.353946
vt 0.246956 0.359356
vt 0.238967 0.360548
vt 0.238460 0.356168
vt 0.233968 0.354386
vt 0.233815 0.353751
vt 0.233934 0.352777
vt 0.236524 0.344997
vt 0.236577 0.335944
vt 0.227919 0.336592
vt 0.229277 0.326042
vt 0.219991 0.334578
vt 0.216421 0.327993
vt 0.215592 0.332947
vt 0.206416 0.332192
vt 0.205402 0.334455
vt 0.213586 0.337444
vt 0.217391 0.321020
vt 0.232726 0.353956
vt 0.232799 0.353519
vt 0.233375 0.352162
vt 0.232631 0.353933
vt 0.232643 0.353973
vt 0.232400 0.353861
vt 0.232297 0.353225
vt 0.229164 0.352379
vt 0.222366 0.343127
vt 0.218531 0.345615
vt 0.221834 0.340120
vt 0.229221 0.342140
vt 0.232505 0.352852
vt 0.218131 0.355383
vt 0.209801 0.357327
vt 0.218264 0.362324
vt 0.209905 0.344860
vt 0.216387 0.339517
vt 0.213148 0.348008
vt 0.204493 0.351124
vt 0.201406 0.353158
vt 0.194458 0.349537
vt 0.195917 0.353658
vt 0.200231 0.357109
vt 0.199850 0.370451
vt 0.204636 0.361648
vt 0.204259 0.369790
vt 0.199856 0.361042
vt 0.208605 0.366908
vt 0.202095 0.324291
vt 0.197667 0.326117
vt 0.201423 0.316239
vt 0.195062 0.320603
vt 0.190883 0.310730
vt 0.187711 0.320423
vt 0.175439 0.315423
vt 0.186582 0.325689
vt 0.179631 0.326559
vt 0.190300 0.329885
vt 0.183744 0.331139
vt 0.194149 0.332629
vt 0.187642 0.347976
vt 0.189031 0.353457
vt 0.192323 0.355060
vt 0.192195 0.357997
vt 0.187819 0.357250
vt 0.191403 0.328433
vt 0.165789 0.332519
vt 0.161073 0.314360
vt 0.205386 0.340398
vt 0.202895 0.345265
vt 0.199137 0.348170
vt 0.198378 0.332295
vt 0.196370 0.331152
vt 0.196576 0.330325
vt 0.192293 0.326313
vt 0.198776 0.329381
vt 0.214837 0.314206
vt 0.208344 0.325644
vt 0.206448 0.330359
vt 0.199480 0.331270
vt 0.199482 0.331579
vt 0.199145 0.331683
vt 0.199049 0.331335
vt 0.198814 0.331187
vt 0.198561 0.330564
vt 0.199158 0.330682
vt 0.199131 0.331137
vt 0.199453 0.330996
vt 0.199762 0.330267
vt 0.199201 0.331314
vt 0.205230 0.324881
vt 0.209046 0.318570
vt 0.205716 0.316704
vt 0.212224 0.307458
vt 0.195217 0.296976
vt 0.187459 0.300460
vt 0.165158 0.306493
vt 0.163623 0.286854
vt 0.118140 0.260270
vt 0.222969 0.308382
vt 0.210817 0.268763
vt 0.209542 0.300006
vt 0.192118 0.253961
vt 0.204510 0.236419
vt 0.178642 0.233756
vt 0.200766 0.214565
vt 0.161397 0.208193
vt 0.165422 0.255096
vt 0.229897 0.278482
vt 0.229964 0.254011
vt 0.239975 0.214578
vt 0.129126 0.208978
vt 0.158135 0.182361
vt 0.211675 0.188638
vt 0.250605 0.187966
vt 0.257684 0.198311
vt 0.259326 0.249046
vt 0.237589 0.269582
vt 0.246204 0.291212
vt 0.261630 0.268177
vt 0.266222 0.295225
vt 0.209963 0.073032
vt 0.183933 0.015183
vt 0.269546 0.056981
vt 0.240694 0.151280
vt 0.280611 0.096262
vt 0.278326 0.162938
vt 0.304121 0.179398
vt 0.291953 0.260960
vt 0.278162 0.289317
vt 0.343041 0.207504
vt 0.352072 0.175600
vt 0.312214 0.138469
vt 0.366731 0.115702
vt 0.301693 0.086650
vt 0.344412 0.000220
vt 0.392467 0.021483
vt 0.436099 0.083264
vt 0.286157 0.542634
vt 0.310866 0.576785
vt 0.290607 0.591597
vt 0.263272 0.557285
vt 0.251815 0.514961
vt 0.230282 0.529339
vt 0.232277 0.496789
vt 0.189295 0.500184
vt 0.246026 0.611583
vt 0.283013 0.605358
vt 0.225523 0.617505
vt 0.208476 0.533462
vt 0.248311 0.674179
vt 0.306459 0.740208
vt 0.323987 0.669813
vt 0.358599 0.648754
vt 0.259733 0.506111
vt 0.253629 0.485039
vt 0.205410 0.481721
vt 0.224039 0.454456
vt 0.157747 0.538648
vt 0.147812 0.627486
vt 0.057956 0.572091
vt 0.404926 0.607658
vt 0.259715 0.461354
vt 0.235253 0.436926
vt 0.210875 0.436513
vt 0.194935 0.453811
vt 0.180238 0.468081
vt 0.167303 0.445959
vt 0.121839 0.459198
vt 0.145384 0.419024
vt 0.168808 0.414262
vt 0.187516 0.410734
vt 0.197278 0.416214
vt 0.192755 0.407363
vt 0.191538 0.381161
vt 0.198618 0.377825
vt 0.195136 0.380734
vt 0.199460 0.378354
vt 0.198083 0.383346
vt 0.201309 0.384478
vt 0.197165 0.390331
vt 0.203430 0.393418
vt 0.211915 0.400186
vt 0.216126 0.408978
vt 0.203383 0.384732
vt 0.206273 0.390545
vt 0.200210 0.378315
vt 0.203437 0.380749
vt 0.207156 0.383251
vt 0.187451 0.388083
vt 0.175678 0.397319
vt 0.184376 0.383643
vt 0.162660 0.397178
vt 0.180113 0.381631
vt 0.188594 0.379785
vt 0.182576 0.378604
vt 0.191341 0.377488
vt 0.197100 0.377168
vt 0.199710 0.377293
vt 0.200037 0.377382
vt 0.200649 0.377467
vt 0.204447 0.376907
vt 0.211199 0.382907
vt 0.218917 0.376908
vt 0.214355 0.373602
vt 0.207583 0.373459
vt 0.200667 0.376724
vt 0.200148 0.377080
vt 0.199943 0.377022
vt 0.199659 0.377077
vt 0.194652 0.375766
vt 0.215318 0.378961
vt 0.216839 0.386071
vt 0.207631 0.377817
vt 0.195992 0.363017
vt 0.199778 0.376227
vt 0.200053 0.376713
vt 0.199778 0.376896
vt 0.197572 0.375318
vt 0.192802 0.367925
vt 0.181355 0.361512
vt 0.179618 0.355289
vt 0.158169 0.346242
vt 0.173629 0.343096
vt 0.180894 0.347759
vt 0.170524 0.365270
vt 0.143436 0.380229
vt 0.165094 0.380505
vt 0.163121 0.389829
vt 0.183823 0.374751
vt 0.140948 0.319837
vt 0.053337 0.358412
vt 0.070736 0.307522
vt 0.016664 0.269861
vt 0.068487 0.228695
vt 0.014672 0.144430
vt 0.103400 0.101393
vt 0.065296 0.054040
vt 0.085678 0.410943
vt 0.000220 0.449245
vt 0.078960 0.483441
vt 0.127774 0.509182
vt 0.193637 0.388906
vt 0.142191 0.902822
vt 0.156463 0.914595
vt 0.177811 0.925402
vt 0.131760 0.918110
vt 0.878008 0.680462
vt 0.863863 0.662414
vt 0.866272 0.688797
vt 0.861002 0.719318
s 1
usemtl experimentplush
f 1/1/1 2/2/2 3/3/3
f 1/1/1 4/4/4 2/2/2
f 5/5/5 6/6/6 7/7/7
f 8/8/8 5/5/5 7/7/7
f 8/8/8 7/7/7 9/9/9
f 9/9/9 10/10/10 8/8/8
f 11/11/11 10/10/10 9/9/9
f 11/11/11 12/12/12 10/10/10
f 13/13/13 12/12/12 11/11/11
f 13/13/13 11/11/11 14/14/14
f 15/15/15 13/13/13 14/14/14
f 16/16/16 15/15/15 14/14/14
f 17/17/17 15/15/15 16/16/16
f 18/18/18 17/17/17 16/16/16
f 2/2/2 17/17/17 18/18/18
f 19/19/19 2/2/2 18/18/18
f 2/2/2 19/19/19 3/3/3
f 19/19/19 20/20/20 3/3/3
f 3/3/3 20/20/20 21/21/21
f 21/21/21 20/20/20 22/22/22
f 20/20/20 19/19/19 22/22/22
f 19/19/19 23/23/23 22/22/22
f 19/19/19 18/18/18 23/23/23
f 18/18/18 24/24/24 23/23/23
f 18/18/18 16/16/16 24/24/24
f 16/16/16 25/25/25 24/24/24
f 16/16/16 14/14/14 25/25/25
f 25/25/25 26/26/26 27/27/27
f 14/14/14 26/26/26 25/25/25
f 14/14/14 11/11/11 26/26/26
f 26/26/26 11/11/11 28/28/28
f 28/28/28 11/11/11 9/9/9
f 9/9/9 29/29/29 28/28/28
f 9/9/9 7/7/7 29/29/29
f 29/29/29 7/7/7 30/30/30
f 7/7/7 6/6/6 30/30/30
f 30/30/30 6/6/6 31/31/31
f 6/6/6 32/32/32 31/31/31
f 31/31/31 32/32/32 33/33/33
f 32/32/32 34/34/34 33/33/33
f 34/34/34 35/35/35 33/33/33
f 35/35/35 36/36/36 33/33/33
f 35/35/35 37/37/37 36/36/36
f 37/37/37 38/38/38 36/36/36
f 37/37/37 39/39/39 38/38/38
f 6/6/6 34/34/34 32/32/32
f 36/36/36 38/38/38 40/40/40
f 36/36/36 40/40/40 41/41/41
f 41/41/41 33/33/33 36/36/36
f 42/42/42 33/33/33 41/41/41
f 31/31/31 33/33/33 42/42/42
f 30/30/30 31/31/31 42/42/42
f 42/42/42 41/41/41 43/43/43
f 41/41/41 40/40/40 43/43/43
f 40/40/40 44/44/44 43/43/43
f 40/40/40 45/45/45 44/44/44
f 45/45/45 46/46/46 44/44/44
f 26/26/26 28/28/28 27/27/27
f 28/28/28 47/47/47 27/27/27
f 28/28/28 29/29/29 47/47/47
f 47/47/47 29/29/29 48/48/48
f 29/29/29 30/30/30 48/48/48
f 48/48/48 30/30/30 49/49/49
f 49/49/49 30/30/30 42/42/42
f 49/49/49 42/42/42 50/50/50
f 50/50/50 42/42/42 43/43/43
f 50/50/50 43/43/43 51/51/51
f 43/43/43 44/44/44 51/51/51
f 44/44/44 52/52/52 51/51/51
f 44/44/44 46/46/46 52/52/52
f 46/46/46 53/53/53 52/52/52
f 54/54/54 53/53/53 46/46/46
f 45/45/45 54/54/54 46/46/46
f 38/38/38 54/54/54 45/45/45
f 38/38/38 45/45/45 40/40/40
f 51/51/51 52/52/52 55/55/55
f 52/52/52 56/56/56 55/55/55
f 57/57/57 58/58/58 56/56/56
f 57/57/57 56/56/56 52/52/52
f 52/52/52 59/59/59 57/57/57
f 53/53/53 59/59/59 52/52/52
f 21/21/21 22/22/22 58/58/58
f 58/58/58 22/22/22 60/60/60
f 56/56/56 58/58/58 60/60/60
f 56/56/56 60/60/60 61/61/61
f 55/55/55 56/56/56 61/61/61
f 55/55/55 61/61/61 62/62/62
f 51/51/51 55/55/55 62/62/62
f 51/51/51 62/62/62 63/63/63
f 50/50/50 51/51/51 63/63/63
f 63/63/63 64/64/64 50/50/50
f 64/64/64 49/49/49 50/50/50
f 65/65/65 49/49/49 64/64/64
f 48/48/48 49/49/49 65/65/65
f 66/66/66 48/48/48 65/65/65
f 66/66/66 47/47/47 48/48/48
f 24/24/24 47/47/47 66/66/66
f 24/24/24 27/27/27 47/47/47
f 25/25/25 27/27/27 24/24/24
f 62/62/62 64/64/64 63/63/63
f 66/66/66 65/65/65 64/64/64
f 23/23/23 24/24/24 67/67/67
f 67/67/67 24/24/24 66/66/66
f 67/67/67 66/66/66 68/68/68
f 68/68/68 66/66/66 64/64/64
f 69/69/69 68/68/68 64/64/64
f 69/69/69 64/64/64 62/62/62
f 62/62/62 61/61/61 69/69/69
f 61/61/61 70/70/70 69/69/69
f 61/61/61 60/60/60 70/70/70
f 60/60/60 67/67/67 70/70/70
f 60/60/60 23/23/23 67/67/67
f 22/22/22 23/23/23 60/60/60
f 67/67/67 68/68/68 70/70/70
f 70/70/70 68/68/68 69/69/69
f 71/71/71 5/5/5 8/8/8
f 10/10/10 71/71/71 8/8/8
f 12/12/12 71/71/71 10/10/10
f 12/12/12 72/72/72 71/71/71
f 72/72/72 73/73/73 71/71/71
f 73/73/73 5/5/5 71/71/71
f 73/73/73 74/74/74 5/5/5
f 73/73/73 75/75/75 74/74/74
f 75/75/75 76/76/76 74/74/74
f 77/77/77 78/78/78 13/13/13
f 78/78/78 12/12/12 13/13/13
f 78/78/78 79/79/79 12/12/12
f 79/79/79 72/72/72 12/12/12
f 80/80/80 72/72/72 79/79/79
f 72/72/72 80/80/80 73/73/73
f 80/80/80 81/81/81 73/73/73
f 73/73/73 81/81/81 75/75/75
f 81/81/81 82/82/82 75/75/75
f 82/82/82 76/76/76 75/75/75
f 76/76/76 82/82/82 83/83/83
f 76/76/76 83/83/83 84/84/84
f 84/84/84 83/83/83 35/35/35
f 76/76/76 84/84/84 35/35/35
f 34/34/34 76/76/76 35/35/35
f 74/74/74 76/76/76 34/34/34
f 6/6/6 74/74/74 34/34/34
f 5/5/5 74/74/74 6/6/6
f 77/77/77 85/85/85 78/78/78
f 86/86/86 85/85/85 77/77/77
f 15/15/15 77/77/77 13/13/13
f 17/17/17 77/77/77 15/15/15
f 17/17/17 2/2/2 77/77/77
f 2/2/2 86/86/86 77/77/77
f 2/2/2 4/4/4 86/86/86
f 4/4/4 87/87/87 86/86/86
f 86/86/86 87/87/87 85/85/85
f 87/87/87 88/88/88 85/85/85
f 85/85/85 88/88/88 78/78/78
f 88/88/88 79/79/79 78/78/78
f 88/88/88 89/89/89 79/79/79
f 89/89/89 80/80/80 79/79/79
f 89/89/89 90/90/90 80/80/80
f 80/80/80 90/90/90 81/81/81
f 90/90/90 91/91/91 81/81/81
f 81/81/81 91/91/91 82/82/82
f 91/91/91 92/92/92 82/82/82
f 82/82/82 92/92/92 83/83/83
f 93/93/93 94/94/94 92/92/92
f 92/92/92 94/94/94 95/95/95
f 83/83/83 92/92/92 95/95/95
f 83/83/83 95/95/95 37/37/37
f 35/35/35 83/83/83 37/37/37
f 91/91/91 93/93/93 92/92/92
f 91/91/91 96/96/96 93/93/93
f 96/96/96 97/97/97 93/93/93
f 98/98/98 1/99/1 3/100/3
f 4/101/4 1/99/1 98/98/98
f 97/97/97 4/101/4 98/98/98
f 87/87/87 4/101/4 97/97/97
f 96/96/96 87/87/87 97/97/97
f 99/102/99 87/87/87 96/96/96
f 99/102/99 96/96/96 91/91/91
f 90/90/90 99/102/99 91/91/91
f 90/90/90 89/89/89 99/102/99
f 99/102/99 89/89/89 88/88/88
f 87/87/87 99/102/99 88/88/88
f 37/37/37 95/95/95 39/39/39
f 39/39/39 95/95/95 100/103/100
f 95/95/95 94/94/94 100/103/100
f 94/94/94 101/104/101 100/103/100
f 94/94/94 102/105/102 101/104/101
f 102/105/102 103/106/103 101/104/101
f 101/104/101 103/106/103 104/107/104
f 101/104/101 104/107/104 105/108/105
f 105/108/105 104/107/104 106/109/106
f 39/39/39 54/54/54 38/38/38
f 39/39/39 100/103/100 54/54/54
f 100/103/100 53/53/53 54/54/54
f 100/103/100 101/104/101 53/53/53
f 101/104/101 59/59/59 53/53/53
f 101/104/101 105/108/105 59/59/59
f 59/59/59 105/108/105 57/57/57
f 105/108/105 106/109/106 57/57/57
f 57/57/57 106/109/106 58/58/58
f 21/110/21 58/58/58 106/109/106
f 3/100/3 21/110/21 106/109/106
f 104/107/104 3/100/3 106/109/106
f 104/107/104 98/98/98 3/100/3
f 103/106/103 98/98/98 104/107/104
f 97/97/97 98/98/98 103/106/103
f 102/105/102 97/97/97 103/106/103
f 93/93/93 97/97/97 102/105/102
f 94/94/94 93/93/93 102/105/102
f 107/111/107 108/112/108 109/113/109
f 110/114/110 108/112/108 107/111/107
f 111/115/111 112/116/112 113/117/113
f 114/118/114 112/116/112 111/115/111
f 111/115/111 115/119/115 114/118/114
f 108/112/108 115/119/115 111/115/111
f 116/120/116 115/119/115 108/112/108
f 116/120/116 108/112/108 110/114/110
f 117/121/117 116/120/116 110/114/110
f 117/121/117 110/114/110 107/111/107
f 117/121/117 107/111/107 118/122/118
f 119/123/119 117/121/117 118/122/118
f 119/123/119 118/122/118 120/124/120
f 119/123/119 120/124/120 121/125/121
f 121/125/121 120/124/120 122/126/122
f 121/125/121 122/126/122 123/127/123
f 122/126/122 124/128/124 123/127/123
f 123/127/123 124/128/124 125/129/125
f 125/129/125 124/128/124 126/130/126
f 125/129/125 126/130/126 127/131/127
f 128/132/128 119/123/119 121/125/121
f 128/132/128 117/121/117 119/123/119
f 114/118/114 129/133/129 130/134/130
f 115/119/115 129/133/129 114/118/114
f 115/119/115 131/135/131 129/133/129
f 116/120/116 131/135/131 115/119/115
f 131/135/131 116/120/116 132/136/132
f 116/120/116 117/121/117 132/136/132
f 132/136/132 117/121/117 133/137/133
f 128/132/128 133/137/133 117/121/117
f 133/137/133 128/132/128 134/138/134
f 128/132/128 121/125/121 134/138/134
f 134/138/134 121/125/121 135/139/135
f 135/139/135 121/125/121 123/140/123
f 135/139/135 123/140/123 125/141/125
f 136/142/136 135/139/135 125/141/125
f 137/143/137 136/142/136 125/141/125
f 138/144/138 136/142/136 137/143/137
f 139/145/139 138/144/138 137/143/137
f 140/146/140 138/144/138 139/145/139
f 131/135/131 141/147/141 129/133/129
f 131/135/131 132/136/132 141/147/141
f 132/136/132 133/137/133 141/147/141
f 141/147/141 133/137/133 140/146/140
f 140/146/140 133/137/133 134/138/134
f 140/146/140 134/138/134 138/144/138
f 134/138/134 135/139/135 138/144/138
f 138/144/138 135/139/135 136/142/136
f 139/145/139 137/143/137 142/148/142
f 142/148/142 140/146/140 139/145/139
f 142/148/142 141/147/141 140/146/140
f 141/147/141 142/148/142 143/149/143
f 129/133/129 141/147/141 143/149/143
f 130/134/130 129/133/129 143/149/143
f 144/150/144 130/134/130 143/149/143
f 145/151/145 130/134/130 144/150/144
f 146/152/146 145/151/145 144/150/144
f 147/153/147 146/152/146 144/150/144
f 146/152/146 147/153/147 148/154/148
f 148/154/148 147/153/147 149/155/149
f 148/154/148 149/155/149 150/156/150
f 150/156/150 149/155/149 151/157/151
f 152/158/152 150/156/150 151/157/151
f 152/158/152 151/157/151 153/159/153
f 127/160/127 152/158/152 153/159/153
f 153/159/153 125/141/125 127/160/127
f 153/159/153 137/143/137 125/141/125
f 149/155/149 154/161/154 151/157/151
f 151/157/151 154/161/154 153/159/153
f 154/161/154 155/162/155 153/159/153
f 155/162/155 156/163/156 153/159/153
f 156/163/156 137/143/137 153/159/153
f 142/148/142 137/143/137 156/163/156
f 155/162/155 142/148/142 156/163/156
f 157/164/157 142/148/142 155/162/155
f 157/164/157 155/162/155 154/161/154
f 157/164/157 154/161/154 158/165/158
f 149/155/149 158/165/158 154/161/154
f 147/153/147 158/165/158 149/155/149
f 147/153/147 144/150/144 158/165/158
f 144/150/144 157/164/157 158/165/158
f 144/150/144 143/149/143 157/164/157
f 143/149/143 142/148/142 157/164/157
f 159/166/159 160/167/160 161/168/161
f 159/166/159 162/169/162 160/167/160
f 163/170/163 162/169/162 159/166/159
f 163/170/163 164/171/164 162/169/162
f 164/171/164 165/172/165 162/169/162
f 164/171/164 166/173/166 165/172/165
f 165/172/165 166/173/166 167/174/167
f 167/174/167 166/173/166 168/175/168
f 167/174/167 168/175/168 169/176/169
f 168/175/168 170/177/170 169/176/169
f 169/176/169 170/177/170 171/178/171
f 171/178/171 170/177/170 172/179/172
f 173/180/173 171/178/171 172/179/172
f 173/180/173 172/179/172 174/181/174
f 167/174/167 173/180/173 174/181/174
f 165/172/165 167/174/167 174/181/174
f 165/172/165 174/181/174 162/169/162
f 162/169/162 174/181/174 175/182/175
f 162/169/162 175/182/175 160/167/160
f 160/167/160 175/182/175 176/183/176
f 168/175/168 177/184/177 170/177/170
f 178/185/178 169/176/169 171/178/171
f 167/174/167 169/176/169 178/185/178
f 167/174/167 178/185/178 173/180/173
f 178/185/178 171/178/171 173/180/173
f 179/186/179 180/187/180 181/188/181
f 182/189/182 180/187/180 179/186/179
f 182/189/182 179/186/179 183/190/183
f 184/191/184 182/189/182 183/190/183
f 184/191/184 183/190/183 185/192/185
f 166/173/166 184/191/184 185/192/185
f 166/173/166 185/192/185 168/175/168
f 185/192/185 186/193/186 168/175/168
f 168/175/168 186/193/186 177/184/177
f 186/193/186 187/194/187 177/184/177
f 177/184/177 187/194/187 188/195/188
f 177/184/177 188/195/188 189/196/189
f 177/184/177 189/196/189 170/177/170
f 170/177/170 189/196/189 190/197/190
f 190/197/190 191/198/191 170/177/170
f 172/179/172 170/177/170 191/198/191
f 185/192/185 183/190/183 186/193/186
f 186/193/186 183/190/183 187/194/187
f 183/190/183 179/186/179 187/194/187
f 179/186/179 181/188/181 187/194/187
f 187/194/187 181/188/181 192/199/192
f 181/188/181 193/200/193 192/199/192
f 192/199/192 193/200/193 194/201/194
f 193/200/193 195/202/195 194/201/194
f 196/203/196 197/204/197 198/205/198
f 196/203/196 199/206/199 197/204/197
f 199/206/199 200/207/200 197/204/197
f 199/206/199 201/208/201 200/207/200
f 201/208/201 202/209/202 200/207/200
f 201/208/201 191/198/191 202/209/202
f 191/198/191 203/210/203 202/209/202
f 191/198/191 204/211/204 203/210/203
f 190/197/190 204/211/204 191/198/191
f 190/197/190 205/212/205 204/211/204
f 189/196/189 205/212/205 190/197/190
f 189/196/189 206/213/206 205/212/205
f 189/196/189 188/195/188 206/213/206
f 188/195/188 207/214/207 206/213/206
f 187/194/187 207/214/207 188/195/188
f 207/214/207 187/194/187 206/213/206
f 187/194/187 192/199/192 206/213/206
f 206/213/206 192/199/192 208/215/208
f 200/207/200 202/209/202 209/216/209
f 202/209/202 203/210/203 209/216/209
f 210/217/210 211/218/211 212/219/212
f 208/215/208 210/217/210 212/219/212
f 208/215/208 212/219/212 213/220/213
f 206/213/206 208/215/208 213/220/213
f 206/213/206 213/220/213 214/221/214
f 206/213/206 214/221/214 205/212/205
f 205/212/205 214/221/214 215/222/215
f 204/211/204 205/212/205 215/222/215
f 204/211/204 215/222/215 216/223/216
f 204/211/204 216/223/216 203/210/203
f 203/210/203 216/223/216 217/224/217
f 209/216/209 203/210/203 217/224/217
f 209/216/209 217/224/217 218/225/218
f 200/207/200 209/216/209 218/225/218
f 200/207/200 218/225/218 219/226/219
f 197/204/197 200/207/200 219/226/219
f 197/204/197 219/226/219 220/227/220
f 198/205/198 197/204/197 220/227/220
f 213/220/213 212/219/212 221/228/221
f 212/219/212 211/218/211 221/228/221
f 222/229/222 223/230/223 210/217/210
f 210/217/210 223/230/223 224/231/224
f 218/225/218 225/232/225 219/226/219
f 219/226/219 225/232/225 226/233/226
f 220/227/220 219/226/219 226/233/226
f 220/227/220 226/233/226 227/234/227
f 228/235/228 220/227/220 227/234/227
f 228/235/228 227/234/227 229/236/229
f 227/234/227 226/233/226 229/236/229
f 226/233/226 230/237/230 229/236/229
f 226/233/226 225/232/225 230/237/230
f 225/232/225 231/238/231 230/237/230
f 225/232/225 232/239/232 231/238/231
f 225/232/225 218/225/218 232/239/232
f 218/225/218 233/240/233 232/239/232
f 217/224/217 233/240/233 218/225/218
f 217/224/217 234/241/234 233/240/233
f 216/223/216 234/241/234 217/224/217
f 235/242/235 234/241/234 216/223/216
f 215/222/215 235/242/235 216/223/216
f 235/242/235 236/243/236 234/241/234
f 236/243/236 237/244/237 234/241/234
f 238/245/238 239/246/239 236/243/236
f 236/243/236 239/246/239 237/244/237
f 237/244/237 239/246/239 240/247/240
f 237/244/237 240/247/240 241/248/241
f 237/244/237 241/248/241 242/249/242
f 234/241/234 237/244/237 242/249/242
f 234/241/234 242/249/242 233/240/233
f 233/240/233 242/249/242 243/250/243
f 233/240/233 243/250/243 232/239/232
f 239/246/239 244/251/244 240/247/240
f 215/222/215 214/221/214 235/242/235
f 214/221/214 213/220/213 235/242/235
f 235/242/235 213/220/213 236/243/236
f 213/220/213 221/228/221 236/243/236
f 221/228/221 238/245/238 236/243/236
f 211/218/211 238/245/238 221/228/221
f 211/218/211 245/252/245 238/245/238
f 238/245/238 245/252/245 239/246/239
f 245/252/245 246/253/246 239/246/239
f 239/246/239 246/253/246 244/251/244
f 246/253/246 247/254/247 244/251/244
f 246/253/246 248/255/248 247/254/247
f 248/255/248 249/256/249 247/254/247
f 245/252/245 248/255/248 246/253/246
f 250/257/250 251/258/251 252/259/252
f 250/257/250 252/259/252 253/260/253
f 254/261/254 250/257/250 253/260/253
f 254/261/254 253/260/253 255/262/255
f 256/263/256 254/261/254 255/262/255
f 256/263/256 255/262/255 257/264/257
f 258/265/258 256/263/256 257/264/257
f 258/265/258 257/264/257 259/266/259
f 260/267/260 258/265/258 259/266/259
f 260/267/260 259/266/259 261/268/261
f 249/256/249 260/267/260 261/268/261
f 249/256/249 262/269/262 260/267/260
f 248/255/248 262/269/262 249/256/249
f 263/270/263 262/269/262 248/255/248
f 245/252/245 263/270/263 248/255/248
f 224/231/224 263/270/263 245/252/245
f 224/231/224 245/252/245 211/218/211
f 210/217/210 224/231/224 211/218/211
f 264/271/264 262/269/262 263/270/263
f 264/271/264 265/272/265 262/269/262
f 224/231/224 266/273/266 263/270/263
f 266/273/266 264/271/264 263/270/263
f 266/273/266 267/274/267 264/271/264
f 267/274/267 265/272/265 264/271/264
f 267/274/267 268/275/268 265/272/265
f 254/261/254 265/272/265 268/275/268
f 254/261/254 256/263/256 265/272/265
f 265/272/265 256/263/256 258/265/258
f 262/269/262 265/272/265 258/265/258
f 262/269/262 258/265/258 260/267/260
f 269/276/269 270/277/270 271/278/271
f 257/264/257 269/276/269 271/278/271
f 257/264/257 271/278/271 272/279/272
f 259/266/259 257/264/257 272/279/272
f 261/268/261 259/266/259 272/279/272
f 273/280/273 251/258/251 250/257/250
f 273/280/273 250/257/250 274/281/274
f 274/281/274 250/257/250 275/282/275
f 275/282/275 250/257/250 254/261/254
f 275/282/275 254/261/254 276/283/276
f 276/283/276 254/261/254 268/275/268
f 277/284/277 276/283/276 268/275/268
f 277/284/277 268/275/268 267/274/267
f 278/285/278 277/284/277 267/274/267
f 266/273/266 278/285/278 267/274/267
f 279/286/279 278/285/278 266/273/266
f 279/286/279 266/273/266 224/231/224
f 224/231/224 280/287/280 279/286/279
f 223/230/223 280/287/280 224/231/224
f 281/288/281 280/287/280 223/230/223
f 222/229/222 281/288/281 223/230/223
f 282/289/282 281/288/281 222/229/222
f 283/290/283 282/289/282 222/229/222
f 280/287/280 281/288/281 284/291/284
f 285/292/285 286/293/286 287/294/287
f 287/294/287 286/293/286 288/295/288
f 288/295/288 286/293/286 289/296/289
f 289/296/289 286/293/286 290/297/290
f 286/293/286 291/298/291 290/297/290
f 290/297/290 291/298/291 282/289/282
f 282/289/282 291/298/291 281/288/281
f 291/298/291 292/299/292 281/288/281
f 281/288/281 292/299/292 284/291/284
f 292/299/292 293/300/293 284/291/284
f 284/291/284 293/300/293 277/284/277
f 278/285/278 284/291/284 277/284/277
f 280/287/280 284/291/284 278/285/278
f 280/287/280 278/285/278 279/286/279
f 283/290/283 290/297/290 282/289/282
f 294/301/294 290/297/290 283/290/283
f 289/296/289 290/297/290 294/301/294
f 289/296/289 294/301/294 283/290/283
f 295/302/295 291/298/291 286/293/286
f 291/298/291 296/303/296 292/299/292
f 296/303/296 297/304/297 292/299/292
f 292/299/292 297/304/297 293/300/293
f 298/305/298 285/292/285 287/294/287
f 299/306/299 298/305/298 287/294/287
f 300/307/300 301/308/301 302/309/302
f 301/308/301 303/310/303 302/309/302
f 301/308/301 304/311/304 303/310/303
f 304/311/304 299/306/299 303/310/303
f 304/311/304 305/312/305 299/306/299
f 305/312/305 298/305/298 299/306/299
f 305/312/305 306/313/306 298/305/298
f 306/313/306 285/292/285 298/305/298
f 306/313/306 307/314/307 285/292/285
f 300/307/300 302/309/302 308/315/308
f 309/316/309 300/307/300 308/315/308
f 310/317/310 300/307/300 309/316/309
f 310/317/310 311/318/311 300/307/300
f 311/318/311 301/308/301 300/307/300
f 311/318/311 312/319/312 301/308/301
f 312/319/312 304/311/304 301/308/301
f 312/319/312 313/320/313 304/311/304
f 313/320/313 305/312/305 304/311/304
f 313/320/313 314/321/314 305/312/305
f 305/312/305 314/321/314 306/313/306
f 314/321/314 315/322/315 306/313/306
f 315/322/315 307/314/307 306/313/306
f 315/322/315 316/323/316 307/314/307
f 307/314/307 316/323/316 317/324/317
f 307/314/307 317/324/317 295/302/295
f 285/292/285 307/314/307 295/302/295
f 285/292/285 295/302/295 286/293/286
f 310/317/310 318/325/318 311/318/311
f 318/325/318 319/326/319 311/318/311
f 319/326/319 312/319/312 311/318/311
f 320/327/320 312/319/312 319/326/319
f 320/327/320 321/328/321 312/319/312
f 312/319/312 321/328/321 313/320/313
f 321/328/321 322/329/322 313/320/313
f 322/329/322 314/321/314 313/320/313
f 322/329/322 323/330/323 314/321/314
f 323/330/323 315/322/315 314/321/314
f 323/330/323 324/331/324 315/322/315
f 324/331/324 316/323/316 315/322/315
f 324/331/324 325/332/325 316/323/316
f 316/323/316 325/332/325 317/324/317
f 317/324/317 325/332/325 326/333/326
f 295/302/295 317/324/317 326/333/326
f 295/302/295 326/333/326 327/334/327
f 291/298/291 295/302/295 327/334/327
f 328/335/328 329/336/329 330/337/330
f 330/337/330 329/336/329 331/338/331
f 332/339/332 330/337/330 331/338/331
f 332/339/332 331/338/331 326/333/326
f 325/332/325 332/339/332 326/333/326
f 333/340/333 332/339/332 325/332/325
f 324/331/324 333/340/333 325/332/325
f 322/329/322 334/341/334 323/330/323
f 334/341/334 324/331/324 323/330/323
f 334/341/334 333/340/333 324/331/324
f 334/341/334 335/342/335 333/340/333
f 333/340/333 335/342/335 332/339/332
f 336/343/336 332/339/332 335/342/335
f 336/343/336 330/337/330 332/339/332
f 337/344/337 330/337/330 336/343/336
f 328/335/328 330/337/330 337/344/337
f 338/345/338 328/335/328 337/344/337
f 339/346/339 328/335/328 338/345/338
f 340/347/340 339/346/339 338/345/338
f 340/347/340 341/348/341 339/346/339
f 342/349/342 341/348/341 340/347/340
f 342/349/342 343/350/343 341/348/341
f 344/351/344 343/350/343 342/349/342
f 344/351/344 345/352/345 343/350/343
f 345/352/345 346/353/346 343/350/343
f 341/348/341 347/354/347 339/346/339
f 348/355/348 335/342/335 334/341/334
f 348/355/348 349/356/349 335/342/335
f 335/342/335 349/356/349 336/343/336
f 337/344/337 336/343/336 349/356/349
f 348/355/348 337/344/337 349/356/349
f 350/357/350 351/358/351 352/359/352
f 351/358/351 353/360/353 352/359/352
f 352/359/352 353/360/353 354/361/354
f 353/360/353 344/351/344 354/361/354
f 354/361/354 344/351/344 355/362/355
f 355/362/355 344/351/344 342/349/342
f 355/362/355 342/349/342 356/363/356
f 356/363/356 342/349/342 340/347/340
f 356/363/356 340/347/340 357/364/357
f 357/364/357 340/347/340 338/345/338
f 357/364/357 338/345/338 358/365/358
f 358/365/358 338/345/338 337/344/337
f 358/365/358 337/344/337 359/366/359
f 359/366/359 337/344/337 348/355/348
f 360/367/360 359/366/359 348/355/348
f 360/367/360 348/355/348 334/341/334
f 361/368/361 360/367/360 334/341/334
f 361/368/361 334/341/334 322/329/322
f 362/369/362 363/370/363 351/358/351
f 363/370/363 364/371/364 351/358/351
f 351/358/351 364/371/364 365/372/365
f 351/358/351 365/372/365 353/360/353
f 366/373/366 367/374/367 368/375/368
f 366/373/366 369/376/369 367/374/367
f 367/374/367 369/376/369 370/377/370
f 369/376/369 354/361/354 370/377/370
f 354/361/354 371/378/371 370/377/370
f 354/361/354 355/362/355 371/378/371
f 371/378/371 355/362/355 356/363/356
f 371/378/371 356/363/356 372/379/372
f 372/379/372 356/363/356 357/364/357
f 372/379/372 357/364/357 358/365/358
f 372/379/372 358/365/358 373/380/373
f 373/380/373 358/365/358 374/381/374
f 374/381/374 358/365/358 359/366/359
f 370/377/370 371/378/371 372/379/372
f 375/382/375 370/377/370 376/383/376
f 367/374/367 370/377/370 375/382/375
f 367/374/367 375/382/375 377/384/377
f 368/375/368 367/374/367 377/384/377
f 368/375/368 377/384/377 378/385/378
f 378/385/378 366/373/366 368/375/368
f 378/385/378 379/386/379 366/373/366
f 369/376/369 366/373/366 379/386/379
f 380/387/380 369/376/369 379/386/379
f 380/387/380 354/361/354 369/376/369
f 352/359/352 354/361/354 380/387/380
f 381/388/381 352/359/352 380/387/380
f 350/357/350 352/359/352 381/388/381
f 350/357/350 381/388/381 382/389/382
f 382/389/382 381/388/381 380/387/380
f 382/389/382 380/387/380 379/386/379
f 383/390/383 382/389/382 379/386/379
f 384/391/384 383/390/383 379/386/379
f 385/392/385 376/383/376 386/393/386
f 385/392/385 375/382/375 376/383/376
f 377/384/377 375/382/375 385/392/385
f 387/394/387 377/384/377 385/392/385
f 387/394/387 378/385/378 377/384/377
f 388/395/388 389/396/389 390/397/390
f 390/397/390 389/396/389 383/390/383
f 389/396/389 382/389/382 383/390/383
f 391/398/391 390/397/390 383/390/383
f 392/399/392 393/400/393 394/401/394
f 394/401/394 393/400/393 395/402/395
f 393/400/393 396/403/396 395/402/395
f 396/403/396 397/404/397 395/402/395
f 396/403/396 398/405/398 397/404/397
f 398/405/398 399/406/399 397/404/397
f 398/405/398 400/407/400 399/406/399
f 399/406/399 400/407/400 401/408/401
f 400/407/400 384/391/384 401/408/401
f 401/408/401 384/391/384 402/409/402
f 384/391/384 379/386/379 402/409/402
f 402/409/402 379/386/379 378/385/378
f 402/409/402 378/385/378 403/410/403
f 378/385/378 387/394/387 403/410/403
f 403/410/403 387/394/387 404/411/404
f 387/394/387 385/392/385 404/411/404
f 404/411/404 385/392/385 405/412/405
f 385/392/385 386/393/386 405/412/405
f 397/404/397 399/406/399 406/413/406
f 407/414/407 405/412/405 408/415/408
f 409/416/409 408/415/408 410/417/410
f 408/415/408 411/418/411 410/417/410
f 408/415/408 405/412/405 411/418/411
f 405/412/405 412/419/412 411/418/411
f 405/412/405 386/393/386 412/419/412
f 412/419/412 386/393/386 413/420/413
f 411/418/411 412/419/412 413/420/413
f 411/418/411 413/420/413 414/421/414
f 410/417/410 411/418/411 414/421/414
f 410/417/410 414/421/414 415/422/415
f 415/422/415 414/421/414 416/423/416
f 417/424/417 409/416/409 418/425/418
f 418/425/418 409/416/409 419/426/419
f 419/426/419 409/416/409 410/417/410
f 419/426/419 410/417/410 420/427/420
f 420/427/420 410/417/410 415/422/415
f 420/427/420 415/422/415 421/428/421
f 415/422/415 416/423/416 421/428/421
f 421/428/421 416/423/416 361/368/361
f 361/368/361 416/423/416 360/367/360
f 416/423/416 359/366/359 360/367/360
f 414/421/414 359/366/359 416/423/416
f 414/421/414 374/381/374 359/366/359
f 413/420/413 374/381/374 414/421/414
f 413/420/413 373/380/373 374/381/374
f 386/393/386 373/380/373 413/420/413
f 386/393/386 372/379/372 373/380/373
f 376/383/376 372/379/372 386/393/386
f 370/377/370 372/379/372 376/383/376
f 421/428/421 361/368/361 322/329/322
f 421/428/421 322/329/322 321/328/321
f 420/427/420 421/428/421 321/328/321
f 320/327/320 420/427/420 321/328/321
f 320/327/320 419/426/419 420/427/420
f 319/326/319 419/426/419 320/327/320
f 319/326/319 418/425/418 419/426/419
f 318/325/318 418/425/418 319/326/319
f 422/429/422 418/425/418 318/325/318
f 423/430/423 422/429/422 318/325/318
f 424/431/424 422/429/422 423/430/423
f 424/431/424 423/430/423 425/432/425
f 426/433/426 424/431/424 425/432/425
f 425/432/425 427/434/427 426/433/426
f 309/316/309 427/434/427 425/432/425
f 425/432/425 423/430/423 309/316/309
f 423/430/423 310/317/310 309/316/309
f 423/430/423 318/325/318 310/317/310
f 428/435/428 422/429/422 424/431/424
f 429/436/429 422/429/422 428/435/428
f 429/436/429 428/435/428 430/437/430
f 429/436/429 430/437/430 431/438/431
f 431/438/431 430/437/430 426/433/426
f 430/437/430 424/431/424 426/433/426
f 428/435/428 424/431/424 430/437/430
f 432/439/432 433/440/433 431/438/431
f 432/439/432 434/441/434 433/440/433
f 434/441/434 435/442/435 433/440/433
f 433/440/433 435/442/435 431/438/431
f 431/438/431 435/442/435 429/436/429
f 436/443/436 437/444/437 438/445/438
f 438/445/438 437/444/437 439/446/439
f 439/446/439 437/444/437 392/399/392
f 440/447/440 439/446/439 392/399/392
f 440/447/440 392/399/392 394/401/394
f 440/447/440 394/401/394 441/448/441
f 394/401/394 395/402/395 441/448/441
f 441/448/441 395/402/395 432/439/432
f 395/402/395 397/404/397 432/439/432
f 397/404/397 434/441/434 432/439/432
f 397/404/397 406/413/406 434/441/434
f 434/441/434 406/413/406 435/442/435
f 406/413/406 442/449/442 435/442/435
f 435/442/435 442/449/442 429/436/429
f 442/449/442 443/450/443 429/436/429
f 443/450/443 422/429/422 429/436/429
f 443/450/443 417/424/417 422/429/422
f 422/429/422 417/424/417 418/425/418
f 444/451/444 438/445/438 439/446/439
f 436/443/436 445/452/445 437/444/437
f 437/444/437 445/452/445 392/399/392
f 445/452/445 393/400/393 392/399/392
f 445/452/445 446/453/446 393/400/393
f 447/454/447 400/407/400 398/405/398
f 396/403/396 447/454/447 398/405/398
f 393/400/393 447/454/447 396/403/396
f 393/400/393 446/453/446 447/454/447
f 446/453/446 448/455/448 447/454/447
f 449/456/449 448/455/448 446/453/446
f 445/452/445 449/456/449 446/453/446
f 450/457/450 449/456/449 445/452/445
f 450/457/450 445/452/445 436/443/436
f 451/458/451 450/457/450 436/443/436
f 452/459/452 450/457/450 451/458/451
f 384/391/384 391/398/391 383/390/383
f 400/407/400 391/398/391 384/391/384
f 453/460/453 391/398/391 400/407/400
f 447/454/447 453/460/453 400/407/400
f 447/454/447 454/461/454 453/460/453
f 448/455/448 454/461/454 447/454/447
f 455/462/455 454/461/454 448/455/448
f 455/462/455 448/455/448 449/456/449
f 456/463/456 455/462/455 449/456/449
f 450/457/450 456/463/456 449/456/449
f 457/464/457 456/463/456 450/457/450
f 458/465/458 457/464/457 450/457/450
f 458/465/458 450/457/450 452/459/452
f 459/466/459 458/465/458 452/459/452
f 459/466/459 452/459/452 460/467/460
f 461/468/461 455/462/455 456/463/456
f 457/464/457 461/468/461 456/463/456
f 462/469/462 461/468/461 457/464/457
f 462/469/462 457/464/457 458/465/458
f 463/470/463 462/469/462 458/465/458
f 464/471/464 463/470/463 458/465/458
f 459/466/459 464/471/464 458/465/458
f 465/472/465 464/471/464 459/466/459
f 465/472/465 459/466/459 466/473/466
f 466/473/466 459/466/459 460/467/460
f 467/474/467 466/473/466 460/467/460
f 467/474/467 460/467/460 468/475/468
f 468/475/468 460/467/460 452/459/452
f 468/475/468 452/459/452 469/476/469
f 469/476/469 452/459/452 451/458/451
f 469/476/469 451/458/451 444/451/444
f 451/458/451 436/443/436 444/451/444
f 444/451/444 436/443/436 438/445/438
f 465/472/465 470/477/470 464/471/464
f 471/478/471 472/479/472 439/446/439
f 472/479/472 444/451/444 439/446/439
f 473/480/473 444/451/444 472/479/472
f 473/480/473 469/476/469 444/451/444
f 474/481/474 469/476/469 473/480/473
f 474/481/474 468/475/468 469/476/469
f 475/482/475 468/475/468 474/481/474
f 475/482/475 467/474/467 468/475/468
f 476/483/476 467/474/467 475/482/475
f 476/483/476 466/473/466 467/474/467
f 477/484/477 466/473/466 476/483/476
f 477/484/477 465/472/465 466/473/466
f 477/484/477 478/485/478 465/472/465
f 478/485/478 470/477/470 465/472/465
f 479/486/479 470/477/470 478/485/478
f 479/486/479 480/487/480 470/477/470
f 480/487/480 479/486/479 481/488/481
f 482/489/482 480/487/480 481/488/481
f 481/488/481 479/486/479 478/485/478
f 483/490/483 484/491/484 485/492/485
f 485/492/485 484/491/484 486/493/486
f 485/492/485 486/493/486 477/484/477
f 487/494/487 485/492/485 477/484/477
f 487/494/487 477/484/477 476/483/476
f 487/494/487 476/483/476 475/482/475
f 488/495/488 487/494/487 475/482/475
f 488/495/488 475/482/475 474/481/474
f 489/496/489 490/497/490 488/495/488
f 491/498/491 228/499/228 492/500/492
f 491/498/491 492/500/492 493/501/493
f 491/498/491 493/501/493 494/502/494
f 494/502/494 493/501/493 495/503/495
f 494/502/494 495/503/495 496/504/496
f 496/504/496 495/503/495 497/505/497
f 496/504/496 497/505/497 498/506/498
f 497/505/497 499/507/499 498/506/498
f 498/506/498 499/507/499 500/508/500
f 499/507/499 489/496/489 500/508/500
f 499/507/499 501/509/501 489/496/489
f 489/496/489 501/509/501 490/497/490
f 490/497/490 501/509/501 502/510/502
f 490/497/490 502/510/502 488/495/488
f 502/510/502 503/511/503 488/495/488
f 488/495/488 503/511/503 487/494/487
f 503/511/503 483/490/483 487/494/487
f 487/494/487 483/490/483 485/492/485
f 497/505/497 501/509/501 499/507/499
f 504/512/504 505/513/505 506/514/506
f 507/515/507 505/513/505 504/512/504
f 507/515/507 498/506/498 505/513/505
f 496/504/496 498/506/498 507/515/507
f 508/516/508 496/504/496 507/515/507
f 508/516/508 494/502/494 496/504/496
f 509/517/509 494/502/494 508/516/508
f 509/517/509 491/498/491 494/502/494
f 509/517/509 508/516/508 507/515/507
f 510/518/510 511/519/511 512/520/512
f 513/521/513 510/518/510 512/520/512
f 513/521/513 514/522/514 510/518/510
f 515/523/515 514/522/514 513/521/513
f 492/500/492 514/522/514 515/523/515
f 492/500/492 515/523/515 493/501/493
f 493/501/493 515/523/515 495/503/495
f 495/503/495 515/523/515 497/505/497
f 515/523/515 513/521/513 497/505/497
f 497/505/497 513/521/513 501/509/501
f 513/521/513 512/520/512 501/509/501
f 512/520/512 516/524/516 501/509/501
f 512/520/512 511/519/511 516/524/516
f 516/524/516 511/519/511 517/525/517
f 516/524/516 517/525/517 518/526/518
f 518/526/518 517/525/517 483/490/483
f 518/526/518 483/490/483 503/511/503
f 502/510/502 518/526/518 503/511/503
f 501/509/501 518/526/518 502/510/502
f 501/509/501 516/524/516 518/526/518
f 510/518/510 519/527/519 511/519/511
f 514/522/514 519/527/519 510/518/510
f 492/500/492 520/528/520 514/522/514
f 486/493/486 478/485/478 477/484/477
f 481/488/481 478/485/478 486/493/486
f 484/491/484 481/488/481 486/493/486
f 521/529/521 481/488/481 484/491/484
f 483/490/483 521/529/521 484/491/484
f 483/490/483 522/530/522 521/529/521
f 517/525/517 522/530/522 483/490/483
f 523/531/523 522/530/522 517/525/517
f 511/519/511 523/531/523 517/525/517
f 524/532/524 523/531/523 511/519/511
f 519/527/519 524/532/524 511/519/511
f 525/533/525 524/532/524 519/527/519
f 514/522/514 525/533/525 519/527/519
f 526/534/526 525/533/525 514/522/514
f 520/528/520 526/534/526 514/522/514
f 520/528/520 229/535/229 526/534/526
f 228/499/228 229/535/229 520/528/520
f 492/500/492 228/499/228 520/528/520
f 527/536/527 528/537/528 523/531/523
f 522/530/522 523/531/523 528/537/528
f 522/530/522 528/537/528 521/529/521
f 482/489/482 481/488/481 521/529/521
f 529/538/529 482/489/482 521/529/521
f 528/537/528 529/538/529 521/529/521
f 530/539/530 529/538/529 528/537/528
f 527/536/527 530/539/530 528/537/528
f 531/540/531 530/539/530 527/536/527
f 532/541/532 531/540/531 527/536/527
f 533/542/533 531/540/531 532/541/532
f 534/543/534 533/542/533 532/541/532
f 534/543/534 535/544/535 533/542/533
f 536/545/536 535/544/535 534/543/534
f 536/545/536 537/546/537 535/544/535
f 536/545/536 538/547/538 537/546/537
f 537/546/537 538/547/538 539/548/539
f 538/547/538 540/549/540 539/548/539
f 539/548/539 540/549/540 541/550/541
f 540/549/540 542/551/542 541/550/541
f 541/550/541 542/551/542 543/552/543
f 531/540/531 544/553/544 530/539/530
f 480/487/480 545/554/545 546/555/546
f 545/554/545 547/556/547 546/555/546
f 545/554/545 548/557/548 547/556/547
f 548/557/548 549/558/549 547/556/547
f 548/557/548 550/559/550 549/558/549
f 551/560/551 550/559/550 548/557/548
f 552/561/552 550/559/550 551/560/551
f 553/562/553 552/561/552 551/560/551
f 543/552/543 552/561/552 553/562/553
f 541/550/541 543/552/543 553/562/553
f 541/550/541 553/562/553 554/563/554
f 539/548/539 541/550/541 554/563/554
f 537/546/537 539/548/539 554/563/554
f 537/546/537 554/563/554 555/564/555
f 535/544/535 537/546/537 555/564/555
f 535/544/535 555/564/555 556/565/556
f 535/544/535 556/565/556 533/542/533
f 533/542/533 556/565/556 531/540/531
f 554/563/554 557/566/557 555/564/555
f 554/563/554 553/562/553 557/566/557
f 553/562/553 551/560/551 557/566/557
f 542/551/542 558/567/558 543/552/543
f 558/567/558 552/561/552 543/552/543
f 558/567/558 559/568/559 552/561/552
f 552/561/552 559/568/559 550/559/550
f 559/568/559 560/569/560 550/559/550
f 550/559/550 560/569/560 549/558/549
f 549/558/549 560/569/560 561/570/561
f 549/558/549 561/570/561 547/556/547
f 547/556/547 561/570/561 562/571/562
f 547/556/547 562/571/562 546/555/546
f 546/555/546 562/571/562 563/572/563
f 480/487/480 546/555/546 563/572/563
f 480/487/480 563/572/563 470/477/470
f 470/477/470 563/572/563 564/573/564
f 470/477/470 564/573/564 464/471/464
f 464/471/464 564/573/564 565/574/565
f 565/574/565 463/470/463 464/471/464
f 565/574/565 566/575/566 463/470/463
f 564/573/564 566/575/566 565/574/565
f 560/569/560 567/576/567 561/570/561
f 560/569/560 568/577/568 567/576/567
f 558/567/558 569/578/569 559/568/559
f 569/578/569 570/579/570 559/568/559
f 559/568/559 570/579/570 560/569/560
f 560/569/560 570/579/570 568/577/568
f 570/579/570 571/580/571 568/577/568
f 568/577/568 571/580/571 567/576/567
f 571/580/571 572/581/572 567/576/567
f 567/576/567 572/581/572 573/582/573
f 572/581/572 574/583/574 573/582/573
f 575/584/575 574/583/574 572/581/572
f 575/584/575 576/585/576 574/583/574
f 577/586/577 576/585/576 575/584/575
f 569/578/569 571/580/571 570/579/570
f 571/580/571 569/578/569 572/581/572
f 569/578/569 575/584/575 572/581/572
f 576/585/576 578/587/578 574/583/574
f 574/583/574 578/587/578 579/588/579
f 574/583/574 579/588/579 573/582/573
f 579/588/579 580/589/580 573/582/573
f 561/570/561 567/576/567 581/590/581
f 581/590/581 567/576/567 582/591/582
f 567/576/567 573/582/573 582/591/582
f 582/591/582 573/582/573 583/592/583
f 573/582/573 580/589/580 583/592/583
f 580/589/580 584/593/584 583/592/583
f 579/588/579 584/593/584 580/589/580
f 579/588/579 585/594/585 584/593/584
f 578/587/578 585/594/585 579/588/579
f 578/587/578 586/595/586 585/594/585
f 576/585/576 586/595/586 578/587/578
f 587/596/587 586/595/586 576/585/576
f 577/586/577 587/596/587 576/585/576
f 587/596/587 577/586/577 588/597/588
f 588/597/588 577/586/577 575/584/575
f 588/597/588 575/584/575 589/598/589
f 589/598/589 575/584/575 569/578/569
f 590/599/590 589/598/589 569/578/569
f 584/593/584 591/600/591 592/601/592
f 585/594/585 591/600/591 584/593/584
f 585/594/585 593/602/593 591/600/591
f 594/603/594 593/602/593 585/594/585
f 586/595/586 594/603/594 585/594/585
f 595/604/595 594/603/594 586/595/586
f 587/596/587 595/604/595 586/595/586
f 596/605/596 595/604/595 587/596/587
f 597/606/597 596/605/596 587/596/587
f 598/607/598 596/605/596 597/606/597
f 599/608/599 598/607/598 597/606/597
f 599/608/599 600/609/600 598/607/598
f 600/609/600 596/605/596 598/607/598
f 600/609/600 601/610/601 596/605/596
f 601/610/601 595/604/595 596/605/596
f 602/611/602 599/608/599 597/606/597
f 602/611/602 597/606/597 603/612/603
f 603/612/603 597/606/597 604/613/604
f 603/612/603 604/613/604 605/614/605
f 605/614/605 604/613/604 606/615/606
f 607/616/607 605/614/605 606/615/606
f 607/616/607 606/615/606 608/617/608
f 607/616/607 608/617/608 589/598/589
f 608/617/608 588/597/588 589/598/589
f 597/606/597 588/597/588 608/617/608
f 597/606/597 587/596/587 588/597/588
f 604/613/604 608/617/608 606/615/606
f 604/613/604 597/606/597 608/617/608
f 609/618/609 607/616/607 589/598/589
f 610/619/610 607/616/607 609/618/609
f 610/619/610 605/614/605 607/616/607
f 611/620/611 605/614/605 610/619/610
f 611/620/611 603/612/603 605/614/605
f 612/621/612 589/598/589 590/599/590
f 609/618/609 589/598/589 612/621/612
f 613/622/613 609/618/609 612/621/612
f 613/622/613 614/623/614 609/618/609
f 614/623/614 610/619/610 609/618/609
f 614/623/614 615/624/615 610/619/610
f 615/624/615 611/620/611 610/619/610
f 616/625/616 611/620/611 615/624/615
f 616/625/616 603/612/603 611/620/611
f 616/625/616 272/626/272 603/612/603
f 272/626/272 602/611/602 603/612/603
f 271/627/271 602/611/602 272/626/272
f 271/627/271 270/628/270 602/611/602
f 270/628/270 599/608/599 602/611/602
f 270/628/270 617/629/617 599/608/599
f 617/629/617 600/609/600 599/608/599
f 617/629/617 618/630/618 600/609/600
f 600/609/600 618/630/618 601/610/601
f 617/629/617 619/631/619 618/630/618
f 619/631/619 620/632/620 618/630/618
f 244/633/244 621/634/621 240/635/240
f 244/633/244 247/636/247 621/634/621
f 247/636/247 622/637/622 621/634/621
f 621/634/621 622/637/622 623/638/623
f 622/637/622 624/639/624 623/638/623
f 622/637/622 249/640/249 624/639/624
f 249/640/249 261/641/261 624/639/624
f 624/639/624 261/641/261 625/642/625
f 625/642/625 261/641/261 626/643/626
f 625/642/625 626/643/626 613/622/613
f 626/643/626 614/623/614 613/622/613
f 626/643/626 615/624/615 614/623/614
f 626/643/626 616/625/616 615/624/615
f 626/643/626 261/641/261 616/625/616
f 261/641/261 272/626/272 616/625/616
f 249/640/249 622/637/622 247/636/247
f 623/638/623 624/639/624 625/642/625
f 558/567/558 590/599/590 569/578/569
f 558/567/558 612/621/612 590/599/590
f 542/551/542 612/621/612 558/567/558
f 540/549/540 612/621/612 542/551/542
f 540/549/540 613/622/613 612/621/612
f 538/547/538 613/622/613 540/549/540
f 625/642/625 613/622/613 538/547/538
f 627/644/627 625/642/625 538/547/538
f 623/638/623 625/642/625 627/644/627
f 628/645/628 623/638/623 627/644/627
f 621/634/621 623/638/623 628/645/628
f 629/646/629 621/634/621 628/645/628
f 240/635/240 621/634/621 629/646/629
f 240/635/240 629/646/629 241/647/241
f 241/647/241 629/646/629 630/648/630
f 241/647/241 630/648/630 242/649/242
f 242/649/242 630/648/630 631/650/631
f 632/651/632 242/649/242 631/650/631
f 630/648/630 633/652/633 634/653/634
f 629/646/629 633/652/633 630/648/630
f 629/646/629 628/645/628 633/652/633
f 633/652/633 628/645/628 635/654/635
f 635/654/635 628/645/628 627/644/627
f 635/654/635 627/644/627 534/543/534
f 534/543/534 627/644/627 536/545/536
f 627/644/627 538/547/538 536/545/536
f 633/652/633 635/654/635 634/653/634
f 634/653/634 635/654/635 534/543/534
f 636/655/636 632/651/632 631/650/631
f 637/656/637 632/651/632 636/655/636
f 637/656/637 636/655/636 638/657/638
f 637/656/637 638/657/638 639/658/639
f 638/657/638 640/659/640 639/658/639
f 639/658/639 640/659/640 524/532/524
f 524/532/524 640/659/640 641/660/641
f 524/532/524 641/660/641 523/531/523
f 641/660/641 642/661/642 523/531/523
f 642/661/642 527/536/527 523/531/523
f 643/662/643 527/536/527 642/661/642
f 643/662/643 532/541/532 527/536/527
f 534/543/534 532/541/532 643/662/643
f 644/663/644 534/543/534 643/662/643
f 634/653/634 534/543/534 644/663/644
f 634/653/634 644/663/644 645/664/645
f 645/664/645 630/648/630 634/653/634
f 646/665/646 630/648/630 645/664/645
f 645/664/645 644/663/644 643/662/643
f 647/666/647 645/664/645 643/662/643
f 647/666/647 646/665/646 645/664/645
f 648/667/648 646/665/646 647/666/647
f 631/650/631 630/648/630 646/665/646
f 631/650/631 646/665/646 648/667/648
f 636/655/636 631/650/631 648/667/648
f 636/655/636 648/667/648 638/657/638
f 638/657/638 648/667/648 647/666/647
f 638/657/638 647/666/647 640/659/640
f 640/659/640 647/666/647 643/662/643
f 640/659/640 643/662/643 642/661/642
f 640/659/640 642/661/642 641/660/641
f 231/668/231 232/669/232 649/670/649
f 232/669/232 243/671/243 649/670/649
f 243/671/243 242/649/242 649/670/649
f 649/670/649 242/649/242 632/651/632
f 650/672/650 649/670/649 632/651/632
f 651/673/651 650/672/650 632/651/632
f 230/674/230 650/672/650 651/673/651
f 229/535/229 230/674/230 651/673/651
f 526/534/526 229/535/229 651/673/651
f 651/673/651 652/675/652 526/534/526
f 652/675/652 525/533/525 526/534/526
f 652/675/652 639/658/639 525/533/525
f 525/533/525 639/658/639 524/532/524
f 230/674/230 231/668/231 650/672/650
f 231/668/231 649/670/649 650/672/650
f 651/673/651 632/651/632 637/656/637
f 651/673/651 637/656/637 652/675/652
f 637/656/637 639/658/639 652/675/652
f 653/676/653 654/677/654 655/678/655
f 118/122/118 107/111/107 656/679/656
f 656/679/656 107/111/107 109/113/109
f 109/113/109 657/680/657 656/679/656
f 109/113/109 658/681/658 657/680/657
f 657/680/657 658/681/658 659/682/659
f 658/681/658 660/683/660 659/682/659
f 659/682/659 660/683/660 661/684/661
f 660/683/660 653/676/653 661/684/661
f 653/676/653 662/685/662 661/684/661
f 655/678/655 662/685/662 653/676/653
f 655/678/655 148/686/148 662/685/662
f 655/678/655 654/677/654 148/686/148
f 654/677/654 146/152/146 148/686/148
f 113/117/113 146/152/146 654/677/654
f 113/117/113 145/151/145 146/152/146
f 113/117/113 112/116/112 145/151/145
f 112/116/112 130/134/130 145/151/145
f 114/118/114 130/134/130 112/116/112
f 127/131/127 126/130/126 663/687/663
f 663/687/663 152/688/152 127/131/127
f 663/687/663 661/684/661 152/688/152
f 661/684/661 662/685/662 152/688/152
f 152/688/152 662/685/662 150/689/150
f 148/686/148 150/689/150 662/685/662
f 664/690/664 657/680/657 659/682/659
f 664/690/664 659/682/659 665/691/665
f 659/682/659 661/684/661 665/691/665
f 665/691/665 661/684/661 663/687/663
f 666/692/666 665/691/665 663/687/663
f 126/130/126 666/692/666 663/687/663
f 124/128/124 666/692/666 126/130/126
f 667/693/667 666/692/666 124/128/124
f 122/126/122 667/693/667 124/128/124
f 656/679/656 667/693/667 122/126/122
f 120/124/120 656/679/656 122/126/122
f 120/124/120 118/122/118 656/679/656
f 657/680/657 664/690/664 656/679/656
f 656/679/656 664/690/664 667/693/667
f 667/693/667 664/690/664 666/692/666
f 664/690/664 665/691/665 666/692/666
f 407/414/407 404/411/404 405/412/405
f 668/694/668 404/411/404 407/414/407
f 403/410/403 404/411/404 668/694/668
f 669/695/669 403/410/403 668/694/668
f 402/409/402 403/410/403 669/695/669
f 401/408/401 402/409/402 669/695/669
f 401/408/401 669/695/669 670/696/670
f 399/406/399 401/408/401 670/696/670
f 399/406/399 670/696/670 671/697/671
f 399/406/399 671/697/671 406/413/406
f 406/413/406 671/697/671 442/449/442
f 671/697/671 443/450/443 442/449/442
f 672/698/672 443/450/443 671/697/671
f 672/698/672 417/424/417 443/450/443
f 672/698/672 668/694/668 417/424/417
f 668/694/668 407/414/407 417/424/417
f 417/424/417 407/414/407 409/416/409
f 407/414/407 408/415/408 409/416/409
f 669/695/669 668/694/668 673/699/673
f 673/699/673 668/694/668 672/698/672
f 670/696/670 673/699/673 672/698/672
f 670/696/670 672/698/672 671/697/671
f 670/696/670 669/695/669 673/699/673
f 674/700/674 675/701/675 676/702/676
f 674/700/674 676/702/676 677/703/677
f 347/354/347 674/700/674 677/703/677
f 347/354/347 677/703/677 678/704/678
f 339/346/339 347/354/347 678/704/678
f 339/346/339 678/704/678 328/335/328
f 678/704/678 679/705/679 328/335/328
f 328/335/328 679/705/679 329/336/329
f 329/336/329 679/705/679 680/706/680
f 679/705/679 681/707/681 680/706/680
f 678/704/678 681/707/681 679/705/679
f 677/703/677 681/707/681 678/704/678
f 682/708/682 251/258/251 683/709/683
f 251/258/251 682/708/682 684/710/684
f 682/708/682 685/711/685 684/710/684
f 686/712/686 685/711/685 682/708/682
f 687/713/687 685/711/685 686/712/686
f 688/714/688 687/713/687 686/712/686
f 675/701/675 687/713/687 688/714/688
f 689/715/689 675/701/675 688/714/688
f 676/702/676 675/701/675 689/715/689
f 676/702/676 689/715/689 690/716/690
f 677/703/677 676/702/676 690/716/690
f 677/703/677 690/716/690 691/717/691
f 681/707/681 677/703/677 691/717/691
f 681/707/681 691/717/691 692/718/692
f 680/706/680 681/707/681 692/718/692
f 680/706/680 692/718/692 693/719/693
f 680/706/680 693/719/693 329/336/329
f 329/336/329 693/719/693 694/720/694
f 687/713/687 695/721/695 685/711/685
f 251/258/251 684/710/684 696/722/696
f 691/717/691 690/716/690 697/723/697
f 690/716/690 689/715/689 697/723/697
f 343/350/343 347/354/347 341/348/341
f 343/350/343 346/353/346 347/354/347
f 346/353/346 674/700/674 347/354/347
f 346/353/346 698/724/698 674/700/674
f 698/724/698 675/701/675 674/700/674
f 699/725/699 675/701/675 698/724/698
f 675/701/675 699/725/699 687/713/687
f 699/725/699 700/726/700 687/713/687
f 700/726/700 695/721/695 687/713/687
f 700/726/700 701/727/701 695/721/695
f 695/721/695 701/727/701 685/711/685
f 685/711/685 701/727/701 702/728/702
f 684/710/684 685/711/685 702/728/702
f 684/710/684 702/728/702 703/729/703
f 696/722/696 684/710/684 703/729/703
f 696/722/696 703/729/703 704/730/704
f 251/258/251 696/722/696 704/730/704
f 251/258/251 704/730/704 252/259/252
f 704/730/704 703/729/703 705/731/705
f 706/732/706 704/730/704 705/731/705
f 252/259/252 704/730/704 706/732/706
f 252/259/252 706/732/706 253/260/253
f 706/732/706 705/731/705 253/260/253
f 345/352/345 707/733/707 346/353/346
f 346/353/346 707/733/707 698/724/698
f 707/733/707 699/725/699 698/724/698
f 707/733/707 708/734/708 699/725/699
f 708/734/708 700/726/700 699/725/699
f 709/735/709 700/726/700 708/734/708
f 700/726/700 709/735/709 710/736/710
f 700/726/700 710/736/710 701/727/701
f 701/727/701 710/736/710 619/737/619
f 702/728/702 701/727/701 619/737/619
f 703/729/703 702/728/702 619/737/619
f 703/729/703 619/737/619 617/738/617
f 705/731/705 703/729/703 617/738/617
f 705/731/705 617/738/617 270/277/270
f 253/260/253 705/731/705 270/277/270
f 253/260/253 270/277/270 269/276/269
f 711/739/711 253/260/253 269/276/269
f 711/739/711 269/276/269 257/264/257
f 255/262/255 711/739/711 257/264/257
f 255/262/255 253/260/253 711/739/711
f 353/360/353 365/740/365 344/351/344
f 365/740/365 345/352/345 344/351/344
f 365/740/365 364/741/364 345/352/345
f 364/741/364 707/733/707 345/352/345
f 364/741/364 708/734/708 707/733/707
f 712/742/712 713/743/713 714/744/714
f 715/745/715 716/746/716 713/743/713
f 716/746/716 717/747/717 713/743/713
f 718/748/718 719/749/719 715/745/715
f 719/749/719 716/746/716 715/745/715
f 719/749/719 720/750/720 716/746/716
f 161/168/161 160/167/160 176/183/176
f 161/168/161 176/183/176 721/751/721
f 176/183/176 722/752/722 721/751/721
f 176/183/176 175/182/175 722/752/722
f 175/182/175 718/748/718 722/752/722
f 174/181/174 718/748/718 175/182/175
f 174/181/174 719/749/719 718/748/718
f 174/181/174 172/179/172 719/749/719
f 172/179/172 720/750/720 719/749/719
f 172/179/172 191/198/191 720/750/720
f 720/750/720 191/198/191 716/746/716
f 191/198/191 201/208/201 716/746/716
f 716/746/716 201/208/201 717/747/717
f 717/747/717 201/208/201 199/206/199
f 713/743/713 717/747/717 199/206/199
f 713/743/713 199/206/199 196/203/196
f 713/743/713 196/203/196 714/744/714
f 196/203/196 198/205/198 714/744/714
f 198/205/198 220/227/220 228/235/228
f 491/753/491 198/205/198 228/235/228
f 714/744/714 198/205/198 491/753/491
f 509/754/509 714/744/714 491/753/491
f 712/742/712 714/744/714 509/754/509
f 723/755/723 712/742/712 509/754/509
f 724/756/724 712/742/712 723/755/723
f 725/757/725 724/756/724 723/755/723
f 726/758/726 724/756/724 725/757/725
f 725/757/725 727/759/727 726/758/726
f 722/752/722 726/758/726 727/759/727
f 728/760/728 722/752/722 727/759/727
f 721/751/721 722/752/722 728/760/728
f 729/761/729 721/751/721 728/760/728
f 161/168/161 721/751/721 729/761/729
f 730/762/730 161/168/161 729/761/729
f 730/762/730 159/166/159 161/168/161
f 730/762/730 163/170/163 159/166/159
f 731/763/731 725/757/725 723/755/723
f 723/755/723 509/754/509 507/764/507
f 507/764/507 504/765/504 723/755/723
f 504/765/504 731/763/731 723/755/723
f 504/765/504 506/766/506 731/763/731
f 731/763/731 506/766/506 732/767/732
f 731/763/731 732/767/732 725/757/725
f 732/767/732 727/759/727 725/757/725
f 733/768/733 729/761/729 728/760/728
f 733/768/733 734/769/734 729/761/729
f 735/770/735 736/771/736 737/772/737
f 737/772/737 736/771/736 738/773/738
f 739/774/739 737/772/737 738/773/738
f 739/774/739 738/773/738 734/769/734
f 740/775/740 739/774/739 734/769/734
f 740/775/740 734/769/734 733/768/733
f 741/776/741 740/775/740 733/768/733
f 741/776/741 733/768/733 728/760/728
f 727/759/727 741/776/741 728/760/728
f 727/759/727 742/777/742 741/776/741
f 727/759/727 732/767/732 742/777/742
f 732/767/732 743/778/743 742/777/742
f 506/766/506 743/778/743 732/767/732
f 506/766/506 744/779/744 743/778/743
f 744/779/744 735/770/735 743/778/743
f 744/779/744 745/780/745 735/770/735
f 745/780/745 471/478/471 735/770/735
f 745/780/745 746/781/746 471/478/471
f 742/777/742 740/775/740 741/776/741
f 742/777/742 739/774/739 740/775/740
f 742/777/742 737/772/737 739/774/739
f 743/778/743 737/772/737 742/777/742
f 743/778/743 735/770/735 737/772/737
f 302/309/302 747/782/747 164/171/164
f 308/315/308 302/309/302 164/171/164
f 308/315/308 164/171/164 163/170/163
f 309/316/309 308/315/308 163/170/163
f 309/316/309 163/170/163 730/762/730
f 309/316/309 730/762/730 427/434/427
f 427/434/427 730/762/730 729/761/729
f 427/434/427 729/761/729 426/433/426
f 729/761/729 734/769/734 426/433/426
f 734/769/734 431/438/431 426/433/426
f 738/773/738 431/438/431 734/769/734
f 738/773/738 432/439/432 431/438/431
f 736/771/736 432/439/432 738/773/738
f 736/771/736 441/448/441 432/439/432
f 735/770/735 441/448/441 736/771/736
f 440/447/440 441/448/441 735/770/735
f 735/770/735 471/478/471 440/447/440
f 471/478/471 439/446/439 440/447/440
f 184/191/184 748/783/748 182/189/182
f 749/784/749 748/783/748 184/191/184
f 749/784/749 184/191/184 750/785/750
f 747/782/747 749/784/749 750/785/750
f 747/782/747 750/785/750 164/171/164
f 164/171/164 750/785/750 166/173/166
f 750/785/750 184/191/184 166/173/166
f 192/199/192 194/201/194 208/215/208
f 194/201/194 210/217/210 208/215/208
f 194/201/194 195/202/195 210/217/210
f 195/202/195 222/229/222 210/217/210
f 193/200/193 222/229/222 195/202/195
f 193/200/193 283/290/283 222/229/222
f 181/188/181 283/290/283 193/200/193
f 181/188/181 289/296/289 283/290/283
f 180/187/180 289/296/289 181/188/181
f 288/295/288 289/296/289 180/187/180
f 182/189/182 288/295/288 180/187/180
f 287/294/287 288/295/288 182/189/182
f 748/783/748 287/294/287 182/189/182
f 299/306/299 287/294/287 748/783/748
f 749/784/749 299/306/299 748/783/748
f 303/310/303 299/306/299 749/784/749
f 303/310/303 749/784/749 747/782/747
f 302/309/302 303/310/303 747/782/747
f 751/786/751 752/787/752 753/788/753
f 752/787/752 754/789/754 753/788/753
f 752/787/752 755/790/755 754/789/754
f 756/791/756 755/790/755 752/787/752
f 746/781/746 472/479/472 471/478/471
f 746/781/746 473/480/473 472/479/472
f 757/792/757 473/480/473 746/781/746
f 757/792/757 474/481/474 473/480/473
f 754/789/754 474/481/474 757/792/757
f 488/495/488 474/481/474 754/789/754
f 755/790/755 488/495/488 754/789/754
f 489/496/489 488/495/488 755/790/755
f 489/496/489 755/790/755 756/791/756
f 500/508/500 489/496/489 756/791/756
f 500/508/500 756/791/756 752/787/752
f 500/508/500 752/787/752 498/506/498
f 498/506/498 752/787/752 751/786/751
f 498/506/498 751/786/751 505/513/505
f 505/513/505 751/786/751 753/788/753
f 505/513/505 753/788/753 506/514/506
f 506/514/506 753/788/753 744/779/744
f 753/788/753 745/780/745 744/779/744
f 753/788/753 746/781/746 745/780/745
f 753/788/753 754/789/754 746/781/746
f 754/789/754 757/792/757 746/781/746
f 758/793/758 759/794/759 760/795/760
f 556/565/556 761/796/761 531/540/531
f 531/540/531 761/796/761 544/553/544
f 544/553/544 761/796/761 762/797/762
f 544/553/544 762/797/762 530/539/530
f 530/539/530 762/797/762 529/538/529
f 762/797/762 482/489/482 529/538/529
f 762/797/762 763/798/763 482/489/482
f 763/798/763 480/487/480 482/489/482
f 763/798/763 545/554/545 480/487/480
f 760/795/760 545/554/545 763/798/763
f 760/795/760 548/557/548 545/554/545
f 551/560/551 548/557/548 760/795/760
f 759/794/759 551/560/551 760/795/760
f 557/566/557 551/560/551 759/794/759
f 557/566/557 759/794/759 758/793/758
f 555/564/555 557/566/557 758/793/758
f 555/564/555 758/793/758 556/565/556
f 556/565/556 758/793/758 761/796/761
f 758/793/758 760/795/760 761/796/761
f 761/796/761 760/795/760 763/798/763
f 761/796/761 763/798/763 762/797/762
f 764/799/764 765/800/765 766/801/766
f 764/799/764 766/801/766 767/802/767
f 768/803/768 764/799/764 767/802/767
f 768/803/768 767/802/767 769/804/769
f 770/805/770 768/803/768 769/804/769
f 770/805/770 769/804/769 771/806/771
f 770/805/770 771/806/771 772/807/772
f 772/807/772 771/806/771 773/808/773
f 773/808/773 771/806/771 774/809/774
f 771/806/771 769/804/769 774/809/774
f 774/809/774 769/804/769 775/810/775
f 774/809/774 775/810/775 776/811/776
f 777/812/777 764/799/764 768/803/768
f 777/812/777 697/723/697 764/799/764
f 697/723/697 689/715/689 764/799/764
f 689/715/689 688/714/688 764/799/764
f 688/714/688 765/800/765 764/799/764
f 688/714/688 686/712/686 765/800/765
f 686/712/686 682/708/682 765/800/765
f 765/800/765 682/708/682 683/709/683
f 766/801/766 765/800/765 683/709/683
f 766/801/766 683/709/683 778/813/778
f 766/801/766 778/813/778 767/802/767
f 767/802/767 778/813/778 779/814/779
f 769/804/769 767/802/767 779/814/779
f 769/804/769 779/814/779 780/815/780
f 769/804/769 780/815/780 775/810/775
f 780/815/780 781/816/781 775/810/775
f 775/810/775 781/816/781 782/817/782
f 775/810/775 782/817/782 776/811/776
f 776/811/776 782/817/782 783/818/783
f 780/815/780 779/814/779 781/816/781
f 779/814/779 778/813/778 781/816/781
f 291/298/291 327/334/327 784/819/784
f 291/298/291 784/819/784 296/303/296
f 784/819/784 773/808/773 296/303/296
f 296/303/296 773/808/773 297/304/297
f 773/808/773 774/809/774 297/304/297
f 297/304/297 774/809/774 293/300/293
f 774/809/774 776/811/776 293/300/293
f 293/300/293 776/811/776 277/284/277
f 776/811/776 783/818/783 277/284/277
f 783/818/783 276/283/276 277/284/277
f 783/818/783 782/817/782 276/283/276
f 782/817/782 275/282/275 276/283/276
f 781/816/781 275/282/275 782/817/782
f 781/816/781 274/281/274 275/282/275
f 778/813/778 274/281/274 781/816/781
f 778/813/778 273/280/273 274/281/274
f 778/813/778 683/709/683 273/280/273
f 683/709/683 251/258/251 273/280/273
f 329/336/329 694/720/694 331/338/331
f 331/338/331 694/720/694 785/820/785
f 326/333/326 331/338/331 785/820/785
f 786/821/786 326/333/326 785/820/785
f 326/333/326 786/821/786 327/334/327
f 327/334/327 786/821/786 784/819/784
f 784/819/784 786/821/786 773/808/773
f 786/821/786 787/822/787 773/808/773
f 787/822/787 772/807/772 773/808/773
f 785/820/785 772/807/772 787/822/787
f 785/820/785 770/805/770 772/807/772
f 694/720/694 770/805/770 785/820/785
f 694/720/694 693/719/693 770/805/770
f 693/719/693 768/803/768 770/805/770
f 692/718/692 768/803/768 693/719/693
f 692/718/692 691/717/691 768/803/768
f 691/717/691 777/812/777 768/803/768
f 691/717/691 697/723/697 777/812/777
f 786/821/786 785/820/785 787/822/787
f 788/823/788 789/824/789 790/825/790
f 791/826/791 792/827/792 788/823/788
f 791/826/791 788/823/788 793/828/793
f 793/828/793 788/823/788 790/825/790
f 793/828/793 790/825/790 794/829/794
f 566/575/566 462/469/462 463/470/463
f 566/575/566 795/830/795 462/469/462
f 795/830/795 796/831/796 462/469/462
f 795/830/795 797/832/797 796/831/796
f 797/832/797 798/833/798 796/831/796
f 797/832/797 799/834/799 798/833/798
f 799/834/799 800/835/800 798/833/798
f 799/834/799 794/829/794 800/835/800
f 794/829/794 801/836/801 800/835/800
f 801/836/801 794/829/794 790/825/790
f 801/836/801 790/825/790 388/395/388
f 790/825/790 789/824/789 388/395/388
f 789/824/789 389/396/389 388/395/388
f 789/824/789 802/837/802 389/396/389
f 802/837/802 382/389/382 389/396/389
f 802/837/802 362/369/362 382/389/382
f 362/369/362 350/357/350 382/389/382
f 362/369/362 351/358/351 350/357/350
f 791/826/791 793/828/793 803/838/803
f 804/839/804 803/838/803 793/828/793
f 804/839/804 793/828/793 794/829/794
f 805/840/805 804/839/804 794/829/794
f 799/834/799 805/840/805 794/829/794
f 806/841/806 805/840/805 799/834/799
f 797/832/797 806/841/806 799/834/799
f 807/842/807 806/841/806 797/832/797
f 807/842/807 797/832/797 795/830/795
f 566/575/566 807/842/807 795/830/795
f 566/575/566 808/843/808 807/842/807
f 564/573/564 808/843/808 566/575/566
f 563/572/563 808/843/808 564/573/564
f 563/572/563 809/844/809 808/843/808
f 563/572/563 562/571/562 809/844/809
f 562/571/562 810/845/810 809/844/809
f 562/571/562 561/570/561 810/845/810
f 561/570/561 581/590/581 810/845/810
f 583/592/583 584/593/584 811/846/811
f 582/591/582 583/592/583 811/846/811
f 581/590/581 582/591/582 811/846/811
f 810/845/810 581/590/581 811/846/811
f 810/845/810 811/846/811 812/847/812
f 810/845/810 812/847/812 809/844/809
f 809/844/809 812/847/812 806/841/806
f 813/848/813 809/844/809 806/841/806
f 807/842/807 813/848/813 806/841/806
f 814/849/814 813/848/813 807/842/807
f 808/843/808 814/849/814 807/842/807
f 808/843/808 809/844/809 814/849/814
f 814/849/814 809/844/809 813/848/813
f 618/630/618 620/632/620 601/610/601
f 601/610/601 620/632/620 595/604/595
f 595/604/595 620/632/620 815/850/815
f 595/604/595 815/850/815 594/603/594
f 815/850/815 816/851/816 594/603/594
f 594/603/594 816/851/816 593/602/593
f 816/851/816 817/852/817 593/602/593
f 593/602/593 817/852/817 591/600/591
f 591/600/591 817/852/817 792/827/792
f 591/600/591 792/827/792 592/601/592
f 592/601/592 792/827/792 791/826/791
f 584/593/584 592/601/592 791/826/791
f 584/593/584 791/826/791 803/838/803
f 811/846/811 584/593/584 803/838/803
f 811/846/811 803/838/803 818/853/818
f 812/847/812 811/846/811 818/853/818
f 812/847/812 818/853/818 819/854/819
f 806/841/806 812/847/812 819/854/819
f 806/841/806 819/854/819 805/840/805
f 819/854/819 803/838/803 805/840/805
f 805/840/805 803/838/803 804/839/804
f 818/853/818 803/838/803 819/854/819
f 620/632/620 820/855/820 815/850/815
f 820/855/820 821/856/821 815/850/815
f 815/850/815 821/856/821 816/851/816
f 816/851/816 821/856/821 817/852/817
f 821/856/821 822/857/822 817/852/817
f 817/852/817 822/857/822 823/858/823
f 823/858/823 822/857/822 824/859/824
f 823/858/823 824/859/824 825/860/825
f 822/857/822 826/861/826 824/859/824
f 822/857/822 827/862/827 826/861/826
f 821/856/821 827/862/827 822/857/822
f 828/863/828 827/862/827 821/856/821
f 820/855/820 828/863/828 821/856/821
f 817/852/817 823/858/823 792/827/792
f 823/858/823 788/823/788 792/827/792
f 788/823/788 823/858/823 825/860/825
f 789/824/789 788/823/788 825/860/825
f 825/860/825 802/837/802 789/824/789
f 825/860/825 362/369/362 802/837/802
f 825/860/825 824/859/824 362/369/362
f 824/859/824 363/370/363 362/369/362
f 824/859/824 826/861/826 363/370/363
f 826/861/826 364/371/364 363/370/363
f 826/861/826 708/864/708 364/371/364
f 827/862/827 708/864/708 826/861/826
f 827/862/827 709/865/709 708/864/708
f 828/863/828 709/865/709 827/862/827
f 710/866/710 709/865/709 828/863/828
f 710/866/710 828/863/828 619/631/619
f 619/631/619 828/863/828 820/855/820
f 619/631/619 820/855/820 620/632/620
f 829/867/829 830/868/830 831/869/831
f 831/869/831 830/868/830 832/870/832
f 798/833/798 800/835/800 833/871/833
f 798/833/798 833/871/833 834/872/834
f 796/831/796 798/833/798 834/872/834
f 462/469/462 796/831/796 834/872/834
f 462/469/462 834/872/834 461/468/461
f 834/872/834 455/462/455 461/468/461
f 834/872/834 833/871/833 455/462/455
f 833/871/833 829/867/829 455/462/455
f 800/835/800 829/867/829 833/871/833
f 800/835/800 830/868/830 829/867/829
f 800/835/800 801/836/801 830/868/830
f 801/836/801 388/395/388 830/868/830
f 830/868/830 388/395/388 832/870/832
f 832/870/832 388/395/388 390/397/390
f 831/869/831 832/870/832 390/397/390
f 831/869/831 390/397/390 391/398/391
f 453/460/453 831/869/831 391/398/391
f 454/461/454 831/869/831 453/460/453
f 454/461/454 829/867/829 831/869/831
f 455/462/455 829/867/829 454/461/454
f 835/873/835 836/874/836 837/875/837
f 836/874/836 838/876/838 839/877/839
f 840/878/840 841/879/841 842/880/842
f 842/880/842 841/879/841 843/881/843
f 844/882/844 842/880/842 843/881/843
f 844/882/844 843/881/843 845/883/845
f 845/883/845 846/884/846 844/882/844
f 846/884/846 847/885/847 844/882/844
f 844/882/844 847/885/847 837/875/837
f 847/885/847 848/886/848 837/875/837
f 837/875/837 848/886/848 835/873/835
f 848/886/848 849/887/849 835/873/835
f 835/873/835 849/887/849 836/874/836
f 836/874/836 849/887/849 850/888/850
f 850/888/850 838/876/838 836/874/836
f 850/888/850 851/889/851 838/876/838
f 838/876/838 851/889/851 852/890/852
f 838/876/838 852/890/852 853/891/853
f 838/876/838 853/891/853 839/877/839
f 839/877/839 853/891/853 854/892/854
f 855/893/855 849/887/849 848/886/848
f 850/888/850 856/894/856 851/889/851
f 857/895/857 856/894/856 850/888/850
f 850/888/850 849/887/849 857/895/857
f 849/887/849 858/896/858 857/895/857
f 849/887/849 859/897/859 858/896/858
f 855/893/855 859/897/859 849/887/849
f 860/898/860 859/897/859 855/893/855
f 861/899/861 860/898/860 855/893/855
f 861/899/861 855/893/855 862/900/862
f 862/900/862 855/893/855 848/886/848
f 847/885/847 862/900/862 848/886/848
f 858/896/858 856/894/856 857/895/857
f 860/898/860 863/901/863 859/897/859
f 863/901/863 864/902/864 859/897/859
f 858/896/858 859/897/859 864/902/864
f 858/896/858 864/902/864 856/894/856
f 864/902/864 865/903/865 856/894/856
f 856/894/856 865/903/865 851/889/851
f 865/903/865 866/904/866 851/889/851
f 851/889/851 866/904/866 852/890/852
f 866/904/866 867/905/867 852/890/852
f 852/890/852 867/905/867 868/906/868
f 867/905/867 869/907/869 868/906/868
f 868/906/868 869/907/869 870/908/870
f 870/908/870 869/907/869 871/909/871
f 870/908/870 871/909/871 872/910/872
f 872/910/872 871/909/871 873/911/873
f 874/912/874 872/910/872 873/911/873
f 874/912/874 873/911/873 875/913/875
f 876/914/876 874/912/874 875/913/875
f 876/914/876 875/913/875 877/915/877
f 876/914/876 877/915/877 878/916/878
f 867/905/867 879/917/879 869/907/869
f 880/918/880 878/916/878 881/919/881
f 882/920/882 878/916/878 880/918/880
f 882/920/882 876/914/876 878/916/878
f 883/921/883 876/914/876 882/920/882
f 883/921/883 884/922/884 876/914/876
f 876/914/876 884/922/884 874/912/874
f 884/922/884 885/923/885 874/912/874
f 885/923/885 872/910/872 874/912/874
f 873/911/873 886/924/886 887/925/887
f 871/909/871 886/924/886 873/911/873
f 866/904/866 888/926/888 867/905/867
f 888/926/888 889/927/889 867/905/867
f 867/905/867 889/927/889 879/917/879
f 879/917/879 889/927/889 890/928/890
f 869/907/869 879/917/879 890/928/890
f 869/907/869 890/928/890 871/909/871
f 890/928/890 891/929/891 871/909/871
f 871/909/871 891/929/891 886/924/886
f 886/924/886 891/929/891 892/930/892
f 886/924/886 892/930/892 887/925/887
f 887/925/887 892/930/892 893/931/893
f 873/911/873 887/925/887 893/931/893
f 873/911/873 893/931/893 875/913/875
f 875/913/875 893/931/893 894/932/894
f 877/915/877 875/913/875 894/932/894
f 895/933/895 877/915/877 894/932/894
f 894/932/894 896/934/896 895/933/895
f 895/933/895 896/934/896 897/935/897
f 898/936/898 899/937/899 889/927/889
f 889/927/889 899/937/899 890/928/890
f 890/928/890 899/937/899 891/929/891
f 893/931/893 892/930/892 900/938/900
f 893/931/893 900/938/900 894/932/894
f 894/932/894 900/938/900 901/939/901
f 894/932/894 901/939/901 896/934/896
f 901/939/901 900/938/900 896/934/896
f 902/940/902 898/936/898 903/941/903
f 899/937/899 898/936/898 902/940/902
f 899/937/899 902/940/902 904/942/904
f 899/937/899 904/942/904 891/929/891
f 891/929/891 904/942/904 905/943/905
f 891/929/891 905/943/905 892/930/892
f 905/943/905 906/944/906 892/930/892
f 900/938/900 892/930/892 906/944/906
f 900/938/900 906/944/906 907/945/907
f 900/938/900 907/945/907 896/934/896
f 896/934/896 907/945/907 908/946/908
f 907/945/907 909/947/909 908/946/908
f 909/947/909 910/948/910 908/946/908
f 909/947/909 911/949/911 910/948/910
f 910/948/910 911/949/911 912/950/912
f 911/949/911 913/951/913 912/950/912
f 913/951/913 914/952/914 912/950/912
f 915/953/915 914/952/914 913/951/913
f 915/953/915 902/940/902 914/952/914
f 904/942/904 902/940/902 915/953/915
f 916/954/916 904/942/904 915/953/915
f 905/943/905 904/942/904 916/954/916
f 906/944/906 905/943/905 916/954/916
f 906/944/906 916/954/916 917/955/917
f 907/945/907 906/944/906 917/955/917
f 907/945/907 917/955/917 909/947/909
f 909/947/909 917/955/917 911/949/911
f 917/955/917 918/956/918 911/949/911
f 918/956/918 913/951/913 911/949/911
f 918/956/918 915/953/915 913/951/913
f 916/954/916 915/953/915 918/956/918
f 917/955/917 916/954/916 918/956/918
f 919/957/919 920/958/920 921/959/921
f 914/952/914 919/957/919 921/959/921
f 902/940/902 919/957/919 914/952/914
f 902/940/902 903/941/903 919/957/919
f 919/957/919 903/941/903 920/958/920
f 903/941/903 922/960/922 920/958/920
f 896/934/896 908/946/908 897/935/897
f 897/935/897 908/946/908 923/961/923
f 908/946/908 910/948/910 923/961/923
f 923/961/923 910/948/910 861/962/861
f 910/948/910 912/950/912 861/962/861
f 861/962/861 912/950/912 924/963/924
f 912/950/912 914/952/914 924/963/924
f 914/952/914 863/901/863 924/963/924
f 863/901/863 914/952/914 921/959/921
f 863/901/863 921/959/921 864/902/864
f 921/959/921 865/903/865 864/902/864
f 921/959/921 920/958/920 865/903/865
f 920/958/920 925/964/925 865/903/865
f 920/958/920 922/960/922 925/964/925
f 925/964/925 922/960/922 888/926/888
f 922/960/922 889/927/889 888/926/888
f 922/960/922 903/941/903 889/927/889
f 903/941/903 898/936/898 889/927/889
f 861/962/861 924/963/924 860/965/860
f 924/963/924 863/901/863 860/965/860
f 865/903/865 925/964/925 866/904/866
f 866/904/866 925/964/925 888/926/888
f 878/916/878 877/915/877 895/933/895
f 878/916/878 895/933/895 881/919/881
f 881/919/881 895/933/895 897/935/897
f 881/919/881 897/935/897 926/966/926
f 926/966/926 897/935/897 923/961/923
f 923/961/923 927/967/927 926/966/926
f 923/961/923 861/962/861 927/967/927
f 927/967/927 861/962/861 862/968/862
f 927/967/927 862/968/862 847/969/847
f 926/966/926 927/967/927 847/969/847
f 846/970/846 926/966/926 847/969/847
f 881/919/881 926/966/926 846/970/846
f 845/883/845 881/919/881 846/970/846
f 880/918/880 881/919/881 845/883/845
f 880/918/880 845/883/845 928/971/928
f 928/971/928 882/920/882 880/918/880
f 928/971/928 929/972/929 882/920/882
f 882/920/882 929/972/929 883/921/883
f 930/973/930 931/974/931 932/975/932
f 931/974/931 933/976/933 932/975/932
f 932/975/932 933/976/933 934/977/934
f 932/975/932 934/977/934 935/978/935
f 934/977/934 936/979/936 935/978/935
f 935/978/935 936/979/936 937/980/937
f 935/978/935 937/980/937 938/981/938
f 939/982/939 935/978/935 938/981/938
f 841/879/841 939/982/939 938/981/938
f 841/879/841 938/981/938 929/972/929
f 843/881/843 841/879/841 929/972/929
f 843/881/843 929/972/929 928/971/928
f 845/883/845 843/881/843 928/971/928
f 939/982/939 930/973/930 935/978/935
f 930/973/930 932/975/932 935/978/935
f 929/972/929 938/981/938 883/921/883
f 938/981/938 884/922/884 883/921/883
f 938/981/938 937/980/937 884/922/884
f 937/980/937 885/923/885 884/922/884
f 936/979/936 885/923/885 937/980/937
f 885/923/885 936/979/936 872/910/872
f 936/979/936 870/908/870 872/910/872
f 936/979/936 934/977/934 870/908/870
f 934/977/934 868/906/868 870/908/870
f 934/977/934 933/976/933 868/906/868
f 852/890/852 868/906/868 933/976/933
f 931/974/931 852/890/852 933/976/933
f 853/891/853 852/890/852 931/974/931
f 853/891/853 931/974/931 930/973/930
f 853/891/853 930/973/930 854/892/854
f 854/892/854 930/973/930 939/982/939
f 854/892/854 939/982/939 840/878/840
f 840/878/840 939/982/939 841/879/841
f 839/877/839 854/892/854 840/878/840
f 839/877/839 840/878/840 836/874/836
f 836/874/836 840/878/840 940/983/940
f 836/874/836 940/983/940 837/875/837
f 837/875/837 940/983/940 844/882/844
f 940/983/940 842/880/842 844/882/844
f 940/983/940 840/878/840 842/880/842
f 941/984/941 942/985/942 943/986/943
f 942/985/942 944/987/944 945/988/945
f 941/984/941 944/987/944 942/985/942
f 946/989/946 944/987/944 941/984/941
f 946/989/946 947/990/947 944/987/944
f 947/990/947 945/988/945 944/987/944
f 947/990/947 948/991/948 945/988/945
f 945/988/945 949/992/949 950/993/950
f 948/991/948 949/992/949 945/988/945
f 951/994/951 949/992/949 948/991/948
f 951/994/951 948/991/948 952/995/952
f 952/995/952 948/991/948 947/990/947
f 953/996/953 952/995/952 947/990/947
f 953/996/953 947/990/947 946/989/946
f 954/997/954 953/996/953 946/989/946
f 946/989/946 941/984/941 954/997/954
f 954/997/954 941/984/941 955/998/955
f 955/998/955 941/984/941 956/999/956
f 941/984/941 943/986/943 956/999/956
f 956/999/956 943/986/943 957/1000/957
f 958/1001/958 956/999/956 957/1000/957
f 959/1002/959 958/1001/958 957/1000/957
f 960/1003/960 958/1001/958 959/1002/959
f 961/1004/961 960/1003/960 959/1002/959
f 961/1004/961 962/1005/962 960/1003/960
f 958/1001/958 963/1006/963 956/999/956
f 958/1001/958 960/1003/960 963/1006/963
f 949/992/949 964/1007/964 965/1008/965
f 964/1007/964 949/992/949 951/994/951
f 966/1009/966 953/1010/953 954/997/954
f 963/1006/963 955/998/955 956/999/956
f 967/1011/967 955/998/955 963/1006/963
f 960/1003/960 967/1011/967 963/1006/963
f 960/1003/960 968/1012/968 967/1011/967
f 962/1005/962 968/1012/968 960/1003/960
f 962/1005/962 969/1013/969 968/1012/968
f 970/1014/970 969/1013/969 962/1005/962
f 970/1014/970 971/1015/971 969/1013/969
f 970/1014/970 972/1016/972 971/1015/971
f 972/1016/972 973/1017/973 971/1015/971
f 972/1016/972 974/1018/974 973/1017/973
f 974/1018/974 975/1019/975 973/1017/973
f 976/1020/976 975/1019/975 974/1018/974
f 977/1021/977 975/1019/975 976/1020/976
f 978/1022/978 977/1021/977 976/1020/976
f 965/1023/965 977/1021/977 978/1022/978
f 979/1024/979 965/1023/965 978/1022/978
f 980/1025/980 979/1024/979 978/1022/978
f 975/1019/975 951/1026/951 973/1017/973
f 975/1019/975 964/1027/964 951/1026/951
f 964/1027/964 975/1019/975 977/1021/977
f 965/1023/965 964/1027/964 977/1021/977
f 981/1028/981 972/1016/972 970/1014/970
f 982/1029/982 972/1016/972 981/1028/981
f 982/1029/982 974/1018/974 972/1016/972
f 982/1029/982 976/1020/976 974/1018/974
f 961/1004/961 983/1030/983 962/1005/962
f 983/1030/983 970/1014/970 962/1005/962
f 984/1031/984 970/1014/970 983/1030/983
f 984/1031/984 981/1028/981 970/1014/970
f 984/1031/984 985/1032/985 981/1028/981
f 981/1028/981 985/1032/985 982/1029/982
f 985/1032/985 986/1033/986 982/1029/982
f 986/1033/986 976/1020/976 982/1029/982
f 986/1033/986 978/1022/978 976/1020/976
f 980/1025/980 978/1022/978 986/1033/986
f 985/1032/985 980/1025/980 986/1033/986
f 987/1034/987 980/1025/980 985/1032/985
f 987/1034/987 985/1032/985 988/1035/988
f 988/1035/988 985/1032/985 989/1036/989
f 985/1032/985 984/1031/984 989/1036/989
f 989/1036/989 984/1031/984 961/1004/961
f 961/1004/961 984/1031/984 983/1030/983
f 990/1037/990 979/1024/979 980/1025/980
f 990/1037/990 980/1025/980 987/1034/987
f 991/1038/991 990/1037/990 987/1034/987
f 991/1038/991 987/1034/987 988/1035/988
f 991/1038/991 988/1035/988 992/1039/992
f 992/1039/992 988/1035/988 989/1036/989
f 992/1039/992 989/1036/989 993/1040/993
f 993/1040/993 989/1036/989 961/1004/961
f 994/1041/994 993/1040/993 961/1004/961
f 994/1041/994 961/1004/961 959/1002/959
f 994/1041/994 959/1002/959 995/1042/995
f 959/1002/959 957/1000/957 995/1042/995
f 995/1042/995 957/1000/957 996/1043/996
f 957/1000/957 943/986/943 996/1043/996
f 996/1043/996 943/986/943 997/1044/997
f 943/986/943 942/985/942 997/1044/997
f 942/985/942 950/993/950 997/1044/997
f 942/985/942 945/988/945 950/993/950
f 998/1045/998 991/1038/991 992/1039/992
f 998/1045/998 990/1037/990 991/1038/991
f 999/1046/999 1000/1047/1000 992/1039/992
f 998/1045/998 992/1039/992 1000/1047/1000
f 1000/1047/1000 1001/1048/1001 998/1045/998
f 998/1045/998 1001/1048/1001 990/1037/990
f 1001/1048/1001 1002/1049/1002 990/1037/990
f 1002/1049/1002 979/1024/979 990/1037/990
f 1002/1049/1002 965/1008/965 979/1024/979
f 992/1039/992 993/1040/993 994/1041/994
f 994/1041/994 999/1046/999 992/1039/992
f 995/1042/995 999/1046/999 994/1041/994
f 995/1042/995 996/1043/996 999/1046/999
f 999/1046/999 996/1043/996 1000/1047/1000
f 996/1043/996 1003/1050/1003 1000/1047/1000
f 1003/1050/1003 1001/1048/1001 1000/1047/1000
f 1003/1050/1003 1004/1051/1004 1001/1048/1001
f 1001/1048/1001 1004/1051/1004 1002/1049/1002
f 1004/1051/1004 1005/1052/1005 1002/1049/1002
f 1005/1052/1005 965/1008/965 1002/1049/1002
f 1006/1053/1006 965/1008/965 1005/1052/1005
f 949/992/949 965/1008/965 1006/1053/1006
f 1007/1054/1007 949/992/949 1006/1053/1006
f 950/993/950 949/992/949 1007/1054/1007
f 950/993/950 1007/1054/1007 997/1044/997
f 997/1044/997 1007/1054/1007 1006/1053/1006
f 1008/1055/1008 997/1044/997 1006/1053/1006
f 1004/1051/1004 1006/1053/1006 1005/1052/1005
f 1008/1055/1008 1006/1053/1006 1004/1051/1004
f 1003/1050/1003 1008/1055/1008 1004/1051/1004
f 997/1044/997 1008/1055/1008 1003/1050/1003
f 997/1044/997 1003/1050/1003 996/1043/996
f 724/756/724 713/743/713 712/742/712
f 1009/1056/1009 713/743/713 724/756/724
f 715/745/715 713/743/713 1009/1056/1009
f 1010/1057/1010 715/745/715 1009/1056/1009
f 718/748/718 715/745/715 1010/1057/1010
f 718/748/718 1010/1057/1010 722/752/722
f 722/752/722 1010/1057/1010 726/758/726
f 1010/1057/1010 724/756/724 726/758/726
f 1010/1057/1010 1009/1056/1009 724/756/724
f 1011/1058/1011 1012/1059/1012 1013/1060/1013
f 1011/1058/1011 1014/1061/1014 1012/1059/1012
f 1012/1059/1012 1014/1061/1014 1015/1062/1015
f 1015/1062/1015 1014/1061/1014 1016/1063/1016
f 1015/1062/1015 1016/1063/1016 1017/1064/1017
f 1018/1065/1018 1015/1062/1015 1017/1064/1017
f 1019/1066/1019 1020/1067/1020 1011/1058/1011
f 1019/1066/1019 1011/1058/1011 1021/1068/1021
f 1021/1068/1021 1011/1058/1011 1013/1060/1013
f 1022/1069/1022 1021/1068/1021 1013/1060/1013
f 1023/1070/1023 1024/1071/1024 1020/1067/1020
f 1024/1071/1024 1025/1072/1025 1020/1067/1020
f 1020/1067/1020 1025/1072/1025 1026/1073/1026
f 1027/1074/1027 1028/1075/1028 1029/1076/1029
f 1026/1073/1026 1028/1075/1028 1027/1074/1027
f 1026/1073/1026 1030/1077/1030 1028/1075/1028
f 1025/1072/1025 1030/1077/1030 1026/1073/1026
f 1031/1078/1031 1030/1077/1030 1025/1072/1025
f 1024/1071/1024 1031/1078/1031 1025/1072/1025
f 1024/1071/1024 1032/1079/1032 1031/1078/1031
f 1023/1070/1023 1032/1079/1032 1024/1071/1024
f 1033/1080/1033 1032/1079/1032 1023/1070/1023
f 1034/1081/1034 1033/1080/1033 1023/1070/1023
f 1034/1081/1034 1023/1070/1023 1035/1082/1035
f 1035/1082/1035 1023/1070/1023 1020/1067/1020
f 1035/1082/1035 1020/1067/1020 1036/1083/1036
f 1036/1083/1036 1020/1067/1020 1019/1066/1019
f 1036/1083/1036 1019/1066/1019 1037/1084/1037
f 1037/1084/1037 1019/1066/1019 1021/1068/1021
f 1038/1085/1038 1037/1084/1037 1021/1068/1021
f 1039/1086/1039 1038/1085/1038 1021/1068/1021
f 1028/1075/1028 1040/1087/1040 1029/1076/1029
f 1028/1075/1028 1030/1077/1030 1040/1087/1040
f 1030/1077/1030 1041/1088/1041 1040/1087/1040
f 1042/1089/1042 1032/1079/1032 1033/1080/1033
f 1042/1089/1042 1043/1090/1043 1032/1079/1032
f 1032/1079/1032 1043/1090/1043 1044/1091/1044
f 1032/1079/1032 1044/1091/1044 1045/1092/1045
f 1032/1079/1032 1045/1092/1045 1031/1078/1031
f 1031/1078/1031 1045/1092/1045 1046/1093/1046
f 1031/1078/1031 1046/1093/1046 1030/1077/1030
f 1030/1077/1030 1046/1093/1046 1047/1094/1047
f 1030/1077/1030 1047/1094/1047 1041/1088/1041
f 1047/1094/1047 1048/1095/1048 1041/1088/1041
f 1041/1088/1041 1048/1095/1048 1040/1087/1040
f 1040/1087/1040 1048/1095/1048 1049/1096/1049
f 1029/1076/1029 1040/1087/1040 1049/1096/1049
f 1029/1076/1029 1049/1096/1049 1050/1097/1050
f 1029/1076/1029 1050/1097/1050 1051/1098/1051
f 1052/1099/1052 1051/1098/1051 1050/1097/1050
f 1052/1099/1052 1050/1097/1050 1053/1100/1053
f 1054/1101/1054 1052/1099/1052 1053/1100/1053
f 1055/1102/1055 1056/1103/1056 1057/1104/1057
f 1058/1105/1058 1056/1103/1056 1055/1102/1055
f 1059/1106/1059 1058/1105/1058 1055/1102/1055
f 1059/1106/1059 1060/1107/1060 1058/1105/1058
f 1053/1100/1053 1060/1107/1060 1059/1106/1059
f 1053/1100/1053 1050/1097/1050 1060/1107/1060
f 1060/1107/1060 1050/1097/1050 1061/1108/1061
f 1050/1097/1050 1049/1096/1049 1061/1108/1061
f 1049/1096/1049 1048/1095/1048 1061/1108/1061
f 1061/1108/1061 1048/1095/1048 1062/1109/1062
f 1048/1095/1048 1063/1110/1063 1062/1109/1062
f 1047/1094/1047 1063/1110/1063 1048/1095/1048
f 1046/1093/1046 1063/1110/1063 1047/1094/1047
f 1046/1093/1046 1064/1111/1064 1063/1110/1063
f 1045/1092/1045 1064/1111/1064 1046/1093/1046
f 1045/1092/1045 1044/1091/1044 1064/1111/1064
f 1056/1103/1056 1058/1105/1058 1065/1112/1065
f 1058/1105/1058 1066/1113/1066 1065/1112/1065
f 1058/1105/1058 1067/1114/1067 1066/1113/1066
f 1060/1107/1060 1067/1114/1067 1058/1105/1058
f 1060/1107/1060 1061/1108/1061 1067/1114/1067
f 1061/1108/1061 1068/1115/1068 1067/1114/1067
f 1061/1108/1061 1062/1109/1062 1068/1115/1068
f 1066/1113/1066 1067/1114/1067 1068/1115/1068
f 1069/1116/1069 1070/1117/1070 1071/1118/1071
f 1071/1118/1071 1070/1117/1070 1072/1119/1072
f 1070/1117/1070 1073/1120/1073 1072/1119/1072
f 1073/1120/1073 1074/1121/1074 1072/1119/1072
f 1073/1120/1073 1075/1122/1075 1074/1121/1074
f 1075/1122/1075 1042/1123/1042 1074/1121/1074
f 1075/1122/1075 1076/1124/1076 1042/1123/1042
f 1076/1124/1076 1043/1090/1043 1042/1123/1042
f 1044/1091/1044 1043/1090/1043 1076/1124/1076
f 1044/1091/1044 1076/1124/1076 1077/1125/1077
f 1064/1111/1064 1044/1091/1044 1077/1125/1077
f 1064/1111/1064 1077/1125/1077 1078/1126/1078
f 1063/1110/1063 1064/1111/1064 1078/1126/1078
f 1063/1110/1063 1078/1126/1078 1079/1127/1079
f 1062/1109/1062 1063/1110/1063 1079/1127/1079
f 1062/1109/1062 1079/1127/1079 1080/1128/1080
f 1062/1109/1062 1080/1128/1080 1068/1115/1068
f 1068/1115/1068 1080/1128/1080 1081/1129/1081
f 1071/1118/1071 1072/1119/1072 1082/1130/1082
f 1083/1131/1083 1070/1117/1070 1084/1132/1084
f 1083/1131/1083 1073/1120/1073 1070/1117/1070
f 1075/1122/1075 1073/1120/1073 1083/1131/1083
f 1077/1125/1077 1075/1122/1075 1083/1131/1083
f 1077/1125/1077 1076/1124/1076 1075/1122/1075
f 1080/1128/1080 1079/1127/1079 1085/1133/1085
f 1085/1133/1085 1079/1127/1079 1086/1134/1086
f 1079/1127/1079 1087/1135/1087 1086/1134/1086
f 1078/1126/1078 1087/1135/1087 1079/1127/1079
f 1078/1126/1078 1077/1125/1077 1087/1135/1087
f 1087/1135/1087 1077/1125/1077 1088/1136/1088
f 1088/1136/1088 1077/1125/1077 1083/1131/1083
f 1088/1136/1088 1083/1131/1083 1089/1137/1089
f 1089/1137/1089 1083/1131/1083 1084/1132/1084
f 1089/1137/1089 1084/1132/1084 1069/1116/1069
f 1084/1132/1084 1070/1117/1070 1069/1116/1069
f 1086/1134/1086 1087/1135/1087 1089/1137/1089
f 1087/1135/1087 1088/1136/1088 1089/1137/1089
f 1080/1128/1080 1085/1133/1085 1090/1138/1090
f 1090/1138/1090 1085/1133/1085 1091/1139/1091
f 1085/1133/1085 1086/1134/1086 1091/1139/1091
f 1091/1139/1091 1086/1134/1086 1092/1140/1092
f 1086/1134/1086 1089/1137/1089 1092/1140/1092
f 1092/1140/1092 1089/1137/1089 1093/1141/1093
f 1089/1137/1089 1069/1116/1069 1093/1141/1093
f 1093/1141/1093 1069/1116/1069 1094/1142/1094
f 1069/1116/1069 1095/1143/1095 1094/1142/1094
f 1069/1116/1069 1071/1118/1071 1095/1143/1095
f 1095/1143/1095 1071/1118/1071 1096/1144/1096
f 1071/1118/1071 1082/1130/1082 1096/1144/1096
f 1096/1144/1096 1082/1130/1082 1097/1145/1097
f 1072/1119/1072 1097/1145/1097 1082/1130/1082
f 1072/1119/1072 1074/1121/1074 1097/1145/1097
f 1074/1121/1074 1034/1146/1034 1097/1145/1097
f 1074/1121/1074 1033/1147/1033 1034/1146/1034
f 1074/1121/1074 1042/1123/1042 1033/1147/1033
f 1093/1141/1093 1094/1142/1094 1098/1148/1098
f 1099/1149/1099 1100/1150/1100 1098/1148/1098
f 1098/1148/1098 1100/1150/1100 1093/1141/1093
f 1101/1151/1101 1093/1141/1093 1100/1150/1100
f 1101/1151/1101 1092/1140/1092 1093/1141/1093
f 1091/1139/1091 1092/1140/1092 1101/1151/1101
f 1102/1152/1102 1091/1139/1091 1101/1151/1101
f 1091/1139/1091 1102/1152/1102 1103/1153/1103
f 1104/1154/1104 1103/1153/1103 1102/1152/1102
f 1105/1155/1105 1103/1153/1103 1104/1154/1104
f 1105/1155/1105 1104/1154/1104 1106/1156/1106
f 1106/1156/1106 1104/1154/1104 1107/1157/1107
f 1099/1149/1099 1101/1151/1101 1100/1150/1100
f 1099/1149/1099 1102/1152/1102 1101/1151/1101
f 1108/1158/1108 1102/1152/1102 1099/1149/1099
f 1104/1154/1104 1102/1152/1102 1108/1158/1108
f 1104/1154/1104 1108/1158/1108 1109/1159/1109
f 1107/1157/1107 1104/1154/1104 1109/1159/1109
f 1107/1157/1107 1109/1159/1109 1110/1160/1110
f 1111/1161/1111 1107/1157/1107 1110/1160/1110
f 1111/1161/1111 1106/1156/1106 1107/1157/1107
f 1112/1162/1112 1106/1156/1106 1111/1161/1111
f 1113/1163/1113 1106/1156/1106 1112/1162/1112
f 1113/1163/1113 1114/1164/1114 1106/1156/1106
f 1114/1164/1114 1105/1155/1105 1106/1156/1106
f 1114/1164/1114 1115/1165/1115 1105/1155/1105
f 1115/1165/1115 1116/1166/1116 1105/1155/1105
f 1115/1165/1115 1081/1129/1081 1116/1166/1116
f 1081/1129/1081 1080/1128/1080 1116/1166/1116
f 1080/1128/1080 1090/1138/1090 1116/1166/1116
f 1090/1138/1090 1091/1139/1091 1116/1166/1116
f 1116/1166/1116 1091/1139/1091 1117/1167/1117
f 1117/1167/1117 1091/1139/1091 1103/1153/1103
f 1105/1155/1105 1117/1167/1117 1103/1153/1103
f 1105/1155/1105 1116/1166/1116 1117/1167/1117
f 1068/1115/1068 1081/1129/1081 1066/1113/1066
f 1066/1113/1066 1081/1129/1081 1115/1165/1115
f 1065/1112/1065 1066/1113/1066 1115/1165/1115
f 1114/1164/1114 1065/1112/1065 1115/1165/1115
f 1056/1103/1056 1065/1112/1065 1114/1164/1114
f 1056/1103/1056 1114/1164/1114 1113/1163/1113
f 1057/1104/1057 1056/1103/1056 1113/1163/1113
f 1057/1104/1057 1113/1163/1113 1112/1162/1112
f 1118/1168/1118 1057/1104/1057 1112/1162/1112
f 1112/1162/1112 1111/1161/1111 1118/1168/1118
f 1118/1168/1118 1111/1161/1111 1119/1169/1119
f 1111/1161/1111 1110/1160/1110 1119/1169/1119
f 1119/1169/1119 1110/1160/1110 1120/1170/1120
f 1110/1160/1110 1109/1159/1109 1120/1170/1120
f 1109/1159/1109 1121/1171/1121 1120/1170/1120
f 1109/1159/1109 1108/1158/1108 1121/1171/1121
f 1121/1171/1121 1108/1158/1108 1122/1172/1122
f 1108/1158/1108 1099/1149/1099 1122/1172/1122
f 1118/1168/1118 1119/1169/1119 1123/1173/1123
f 1054/1101/1054 1053/1100/1053 1059/1106/1059
f 1054/1101/1054 1059/1106/1059 1124/1174/1124
f 1059/1106/1059 1055/1102/1055 1124/1174/1124
f 1124/1174/1124 1055/1102/1055 1125/1175/1125
f 1125/1175/1125 1055/1102/1055 1057/1104/1057
f 1126/1176/1126 1125/1175/1125 1057/1104/1057
f 1126/1176/1126 1057/1104/1057 1118/1168/1118
f 1126/1176/1126 1118/1168/1118 1123/1173/1123
f 1127/1177/1127 1126/1176/1126 1123/1173/1123
f 1127/1177/1127 1123/1173/1123 1128/1178/1128
f 1128/1178/1128 1123/1173/1123 1119/1169/1119
f 1128/1178/1128 1119/1169/1119 1129/1179/1129
f 1119/1169/1119 1120/1170/1120 1129/1179/1129
f 1129/1179/1129 1120/1170/1120 1130/1180/1130
f 1120/1170/1120 1121/1171/1121 1130/1180/1130
f 1121/1171/1121 1131/1181/1131 1130/1180/1130
f 1121/1171/1121 1132/1182/1132 1131/1181/1131
f 1131/1181/1131 1132/1182/1132 1133/1183/1133
f 1133/1183/1133 1134/1184/1134 1135/1185/1135
f 1135/1185/1135 1131/1181/1131 1133/1183/1133
f 1130/1180/1130 1131/1181/1131 1135/1185/1135
f 1136/1186/1136 1130/1180/1130 1135/1185/1135
f 1129/1179/1129 1130/1180/1130 1136/1186/1136
f 1137/1187/1137 1129/1179/1129 1136/1186/1136
f 1128/1178/1128 1129/1179/1129 1137/1187/1137
f 1138/1188/1138 1128/1178/1128 1137/1187/1137
f 1139/1189/1139 1128/1178/1128 1138/1188/1138
f 1139/1189/1139 1127/1177/1127 1128/1178/1128
f 1139/1189/1139 1140/1190/1140 1127/1177/1127
f 1140/1190/1140 1126/1176/1126 1127/1177/1127
f 1140/1190/1140 1141/1191/1141 1126/1176/1126
f 1141/1191/1141 1125/1175/1125 1126/1176/1126
f 1141/1191/1141 1142/1192/1142 1125/1175/1125
f 1142/1192/1142 1124/1174/1124 1125/1175/1125
f 1143/1193/1143 1124/1174/1124 1142/1192/1142
f 1054/1101/1054 1124/1174/1124 1143/1193/1143
f 1144/1194/1144 1054/1101/1054 1143/1193/1143
f 1144/1194/1144 1052/1099/1052 1054/1101/1054
f 1144/1194/1144 1145/1195/1145 1052/1099/1052
f 1145/1195/1145 1051/1098/1051 1052/1099/1052
f 1145/1195/1145 1146/1196/1146 1051/1098/1051
f 1146/1196/1146 1029/1076/1029 1051/1098/1051
f 1027/1074/1027 1029/1076/1029 1146/1196/1146
f 1147/1197/1147 1148/1198/1148 1149/1199/1149
f 1147/1197/1147 1149/1199/1149 1144/1194/1144
f 1149/1199/1149 1145/1195/1145 1144/1194/1144
f 1144/1194/1144 1143/1193/1143 1147/1197/1147
f 1147/1197/1147 1143/1193/1143 1150/1200/1150
f 1143/1193/1143 1142/1192/1142 1150/1200/1150
f 1151/1201/1151 1150/1200/1150 1142/1192/1142
f 1151/1201/1151 1142/1192/1142 1141/1191/1141
f 1152/1202/1152 1151/1201/1151 1141/1191/1141
f 1152/1202/1152 1141/1191/1141 1140/1190/1140
f 1153/1203/1153 1152/1202/1152 1140/1190/1140
f 1153/1203/1153 1140/1190/1140 1139/1189/1139
f 1154/1204/1154 1153/1203/1153 1139/1189/1139
f 1155/1205/1155 1153/1203/1153 1154/1204/1154
f 1156/1206/1156 1155/1205/1155 1154/1204/1154
f 1157/1207/1157 1155/1205/1155 1156/1206/1156
f 1158/1208/1158 1157/1207/1157 1156/1206/1156
f 1158/1208/1158 1159/1209/1159 1157/1207/1157
f 1157/1207/1157 1159/1209/1159 1160/1210/1160
f 1160/1210/1160 1159/1209/1159 1161/1211/1161
f 1160/1210/1160 1161/1211/1161 1162/1212/1162
f 1159/1209/1159 1163/1213/1163 1161/1211/1161
f 1157/1207/1157 1164/1214/1164 1155/1205/1155
f 1164/1214/1164 1165/1215/1165 1155/1205/1155
f 1155/1205/1155 1165/1215/1165 1153/1203/1153
f 1165/1215/1165 1152/1202/1152 1153/1203/1153
f 1166/1216/1166 1152/1202/1152 1165/1215/1165
f 1166/1216/1166 1151/1201/1151 1152/1202/1152
f 1166/1216/1166 1167/1217/1167 1151/1201/1151
f 1167/1217/1167 1150/1200/1150 1151/1201/1151
f 1167/1217/1167 1147/1197/1147 1150/1200/1150
f 1167/1217/1167 1168/1218/1168 1147/1197/1147
f 1168/1218/1168 1148/1198/1148 1147/1197/1147
f 1169/1219/1169 1148/1198/1148 1168/1218/1168
f 1170/1220/1170 1169/1219/1169 1168/1218/1168
f 1170/1220/1170 1168/1218/1168 1167/1217/1167
f 1166/1216/1166 1170/1220/1170 1167/1217/1167
f 1162/1212/1162 1170/1220/1170 1166/1216/1166
f 1162/1212/1162 1166/1216/1166 1165/1215/1165
f 1164/1214/1164 1162/1212/1162 1165/1215/1165
f 1160/1210/1160 1162/1212/1162 1164/1214/1164
f 1157/1207/1157 1160/1210/1160 1164/1214/1164
f 1161/1211/1161 1171/1221/1171 1172/1222/1172
f 1161/1211/1161 1172/1222/1172 1162/1212/1162
f 1172/1222/1172 1170/1220/1170 1162/1212/1162
f 1172/1222/1172 1171/1221/1171 1170/1220/1170
f 1171/1221/1171 1173/1223/1173 1170/1220/1170
f 1170/1220/1170 1173/1223/1173 1169/1219/1169
f 1174/1224/1174 1169/1219/1169 1173/1223/1173
f 1174/1224/1174 1148/1198/1148 1169/1219/1169
f 1174/1224/1174 1018/1065/1018 1148/1198/1148
f 1148/1198/1148 1018/1065/1018 1149/1199/1149
f 1018/1065/1018 1017/1064/1017 1149/1199/1149
f 1149/1199/1149 1017/1064/1017 1145/1195/1145
f 1017/1064/1017 1146/1196/1146 1145/1195/1145
f 1017/1064/1017 1016/1063/1016 1146/1196/1146
f 1016/1063/1016 1027/1074/1027 1146/1196/1146
f 1014/1061/1014 1027/1074/1027 1016/1063/1016
f 1014/1061/1014 1026/1073/1026 1027/1074/1027
f 1011/1058/1011 1026/1073/1026 1014/1061/1014
f 1020/1067/1020 1026/1073/1026 1011/1058/1011
f 1039/1086/1039 1021/1068/1021 1022/1069/1022
f 1175/1225/1175 1039/1086/1039 1022/1069/1022
f 1022/1069/1022 1013/1060/1013 1175/1225/1175
f 1013/1060/1013 1176/1226/1176 1175/1225/1175
f 1176/1226/1176 1013/1060/1013 1012/1059/1012
f 1176/1226/1176 1012/1059/1012 1177/1227/1177
f 1177/1227/1177 1012/1059/1012 1015/1062/1015
f 1177/1227/1177 1015/1062/1015 1178/1228/1178
f 1178/1228/1178 1015/1062/1015 1018/1065/1018
f 1179/1229/1179 1178/1228/1178 1018/1065/1018
f 1179/1229/1179 1018/1065/1018 1174/1224/1174
f 1180/1230/1180 1179/1229/1179 1174/1224/1174
f 1180/1230/1180 1174/1224/1174 1173/1223/1173
f 1181/1231/1181 1180/1230/1180 1173/1223/1173
f 1171/1221/1171 1181/1231/1181 1173/1223/1173
f 1182/1232/1182 1181/1231/1181 1171/1221/1171
f 1182/1232/1182 1171/1221/1171 1161/1211/1161
f 1161/1211/1161 1183/1233/1183 1182/1232/1182
f 1175/1225/1175 1176/1226/1176 1184/1234/1184
f 1184/1234/1184 1176/1226/1176 1177/1227/1177
f 1184/1234/1184 1177/1227/1177 1179/1229/1179
f 1177/1227/1177 1178/1228/1178 1179/1229/1179
f 1161/1211/1161 1163/1213/1163 1183/1233/1183
f 1163/1213/1163 1185/1235/1185 1183/1233/1183
f 1183/1233/1183 1185/1235/1185 1186/1236/1186
f 1185/1235/1185 1187/1237/1187 1186/1236/1186
f 1186/1236/1186 1187/1237/1187 1188/1238/1188
f 1187/1237/1187 1189/1239/1189 1188/1238/1188
f 1189/1239/1189 1190/1240/1190 1188/1238/1188
f 1191/1241/1191 1190/1240/1190 1189/1239/1189
f 1191/1241/1191 1039/1086/1039 1190/1240/1190
f 1190/1240/1190 1039/1086/1039 1175/1225/1175
f 1190/1240/1190 1175/1225/1175 1192/1242/1192
f 1192/1242/1192 1175/1225/1175 1184/1234/1184
f 1192/1242/1192 1184/1234/1184 1193/1243/1193
f 1184/1234/1184 1179/1229/1179 1193/1243/1193
f 1193/1243/1193 1179/1229/1179 1180/1230/1180
f 1188/1238/1188 1193/1243/1193 1180/1230/1180
f 1188/1238/1188 1180/1230/1180 1181/1231/1181
f 1186/1236/1186 1188/1238/1188 1181/1231/1181
f 1186/1236/1186 1181/1231/1181 1182/1232/1182
f 1183/1233/1183 1186/1236/1186 1182/1232/1182
f 1188/1238/1188 1192/1242/1192 1193/1243/1193
f 1188/1238/1188 1190/1240/1190 1192/1242/1192
f 1194/1244/1194 1195/1245/1195 1196/1246/1196
f 1197/1247/1197 1195/1245/1195 1198/1248/1198
f 1196/1246/1196 1195/1245/1195 1197/1247/1197
f 1196/1246/1196 1197/1247/1197 1199/1249/1199
f 1200/1250/1200 1196/1246/1196 1199/1249/1199
f 1194/1244/1194 1196/1246/1196 1200/1250/1200
f 1201/1251/1201 1194/1244/1194 1200/1250/1200
f 1198/1248/1198 1202/1252/1202 1203/1253/1203
f 1195/1245/1195 1202/1252/1202 1198/1248/1198
f 1195/1245/1195 1204/1254/1204 1202/1252/1202
f 1195/1245/1195 1205/1255/1205 1204/1254/1204
f 1205/1255/1205 1195/1245/1195 1194/1244/1194
f 1206/1256/1206 1205/1255/1205 1194/1244/1194
f 1206/1256/1206 1194/1244/1194 1201/1251/1201
f 1201/1251/1201 1207/1257/1207 1206/1256/1206
f 1132/1182/1132 1207/1257/1207 1201/1251/1201
f 1132/1182/1132 1122/1172/1122 1207/1257/1207
f 1121/1171/1121 1122/1172/1122 1132/1182/1132
f 1122/1172/1122 1099/1149/1099 1207/1257/1207
f 1207/1257/1207 1099/1149/1099 1098/1148/1098
f 1207/1257/1207 1098/1148/1098 1206/1256/1206
f 1098/1148/1098 1094/1142/1094 1206/1256/1206
f 1206/1256/1206 1094/1142/1094 1205/1255/1205
f 1094/1142/1094 1095/1143/1095 1205/1255/1205
f 1205/1255/1205 1095/1143/1095 1204/1254/1204
f 1095/1143/1095 1096/1144/1096 1204/1254/1204
f 1204/1254/1204 1096/1144/1096 1202/1252/1202
f 1096/1144/1096 1208/1258/1208 1202/1252/1202
f 1202/1252/1202 1208/1258/1208 1203/1253/1203
f 1208/1258/1208 1209/1259/1209 1203/1253/1203
f 1203/1253/1203 1209/1259/1209 1210/1260/1210
f 1209/1259/1209 1211/1261/1211 1210/1260/1210
f 1210/1260/1210 1211/1261/1211 1212/1262/1212
f 1212/1262/1212 1211/1261/1211 1213/1263/1213
f 1212/1262/1212 1213/1263/1213 1214/1264/1214
f 1214/1264/1214 1213/1263/1213 1215/1265/1215
f 1213/1263/1213 1216/1266/1216 1215/1265/1215
f 1213/1263/1213 1217/1267/1217 1216/1266/1216
f 1211/1261/1211 1217/1267/1217 1213/1263/1213
f 1211/1261/1211 1209/1259/1209 1217/1267/1217
f 1209/1259/1209 1218/1268/1218 1217/1267/1217
f 1209/1259/1209 1219/1269/1219 1218/1268/1218
f 1217/1267/1217 1218/1268/1218 1220/1270/1220
f 1216/1266/1216 1217/1267/1217 1220/1270/1220
f 1163/1271/1163 1221/1272/1221 1185/1273/1185
f 1221/1272/1221 1187/1274/1187 1185/1273/1185
f 1221/1272/1221 1222/1275/1222 1187/1274/1187
f 1222/1275/1222 1223/1276/1223 1187/1274/1187
f 1223/1276/1223 1189/1277/1189 1187/1274/1187
f 1223/1276/1223 1191/1278/1191 1189/1277/1189
f 1215/1265/1215 1191/1278/1191 1223/1276/1223
f 1215/1265/1215 1224/1279/1224 1191/1278/1191
f 1216/1266/1216 1224/1279/1224 1215/1265/1215
f 1224/1279/1224 1216/1266/1216 1038/1280/1038
f 1216/1266/1216 1220/1270/1220 1038/1280/1038
f 1038/1280/1038 1220/1270/1220 1037/1281/1037
f 1220/1270/1220 1036/1282/1036 1037/1281/1037
f 1218/1268/1218 1036/1282/1036 1220/1270/1220
f 1218/1268/1218 1035/1283/1035 1036/1282/1036
f 1219/1269/1219 1035/1283/1035 1218/1268/1218
f 1219/1269/1219 1034/1146/1034 1035/1283/1035
f 1097/1145/1097 1034/1146/1034 1219/1269/1219
f 1097/1145/1097 1219/1269/1219 1209/1259/1209
f 1096/1144/1096 1097/1145/1097 1209/1259/1209
f 1096/1144/1096 1209/1259/1209 1208/1258/1208
f 1191/1278/1191 1224/1279/1224 1039/1284/1039
f 1224/1279/1224 1038/1280/1038 1039/1284/1039
f 1214/1264/1214 1215/1265/1215 1225/1285/1225
f 1225/1285/1225 1215/1265/1215 1223/1276/1223
f 1226/1286/1226 1225/1285/1225 1223/1276/1223
f 1226/1286/1226 1223/1276/1223 1222/1275/1222
f 1227/1287/1227 1226/1286/1226 1222/1275/1222
f 1227/1287/1227 1222/1275/1222 1221/1272/1221
f 1228/1288/1228 1227/1287/1227 1221/1272/1221
f 1228/1288/1228 1221/1272/1221 1163/1271/1163
f 1229/1289/1229 1228/1288/1228 1163/1271/1163
f 1230/1290/1230 1229/1289/1229 1163/1271/1163
f 1231/1291/1231 1229/1289/1229 1230/1290/1230
f 1232/1292/1232 1231/1291/1231 1230/1290/1230
f 1233/1293/1233 1231/1291/1231 1232/1292/1232
f 1233/1293/1233 1232/1292/1232 1234/1294/1234
f 1235/1295/1235 1233/1293/1233 1234/1294/1234
f 1234/1294/1234 1236/1296/1236 1235/1295/1235
f 1236/1296/1236 1137/1187/1137 1235/1295/1235
f 1138/1188/1138 1137/1187/1137 1236/1296/1236
f 1231/1291/1231 1237/1297/1237 1229/1289/1229
f 1237/1297/1237 1228/1288/1228 1229/1289/1229
f 1237/1297/1237 1227/1287/1227 1228/1288/1228
f 1238/1298/1238 1237/1297/1237 1231/1291/1231
f 1238/1298/1238 1239/1299/1239 1237/1297/1237
f 1237/1297/1237 1239/1299/1239 1227/1287/1227
f 1239/1299/1239 1226/1286/1226 1227/1287/1227
f 1230/1290/1230 1163/1271/1163 1159/1300/1159
f 1158/1301/1158 1230/1290/1230 1159/1300/1159
f 1232/1292/1232 1230/1290/1230 1158/1301/1158
f 1234/1294/1234 1232/1292/1232 1158/1301/1158
f 1156/1206/1156 1234/1294/1234 1158/1301/1158
f 1156/1206/1156 1240/1302/1240 1234/1294/1234
f 1156/1206/1156 1154/1204/1154 1240/1302/1240
f 1154/1204/1154 1241/1303/1241 1240/1302/1240
f 1154/1204/1154 1139/1189/1139 1241/1303/1241
f 1241/1303/1241 1139/1189/1139 1138/1188/1138
f 1241/1303/1241 1138/1188/1138 1240/1302/1240
f 1240/1302/1240 1138/1188/1138 1236/1296/1236
f 1240/1302/1240 1236/1296/1236 1234/1294/1234
f 1239/1299/1239 1242/1304/1242 1226/1286/1226
f 1243/1305/1243 1242/1304/1242 1239/1299/1239
f 1244/1306/1244 1243/1305/1243 1239/1299/1239
f 1244/1306/1244 1245/1307/1245 1243/1305/1243
f 1246/1308/1246 1245/1307/1245 1244/1306/1244
f 1246/1308/1246 1244/1306/1244 1247/1309/1247
f 1134/1184/1134 1246/1308/1246 1247/1309/1247
f 1248/1310/1248 1134/1184/1134 1247/1309/1247
f 1135/1185/1135 1134/1184/1134 1248/1310/1248
f 1135/1185/1135 1248/1310/1248 1249/1311/1249
f 1136/1186/1136 1135/1185/1135 1249/1311/1249
f 1249/1311/1249 1250/1312/1250 1136/1186/1136
f 1137/1187/1137 1136/1186/1136 1250/1312/1250
f 1235/1295/1235 1137/1187/1137 1250/1312/1250
f 1250/1312/1250 1233/1293/1233 1235/1295/1235
f 1250/1312/1250 1251/1313/1251 1233/1293/1233
f 1251/1313/1251 1231/1291/1231 1233/1293/1233
f 1251/1313/1251 1238/1298/1238 1231/1291/1231
f 1252/1314/1252 1238/1298/1238 1251/1313/1251
f 1252/1314/1252 1251/1313/1251 1250/1312/1250
f 1249/1311/1249 1248/1310/1248 1250/1312/1250
f 1248/1310/1248 1252/1314/1252 1250/1312/1250
f 1247/1309/1247 1252/1314/1252 1248/1310/1248
f 1247/1309/1247 1244/1306/1244 1252/1314/1252
f 1244/1306/1244 1238/1298/1238 1252/1314/1252
f 1244/1306/1244 1239/1299/1239 1238/1298/1238
f 1245/1307/1245 1242/1304/1242 1243/1305/1243
f 1245/1307/1245 1253/1315/1253 1242/1304/1242
f 1242/1304/1242 1253/1315/1253 1254/1316/1254
f 1253/1315/1253 1255/1317/1255 1254/1316/1254
f 1133/1183/1133 1132/1182/1132 1201/1251/1201
f 1133/1183/1133 1201/1251/1201 1134/1184/1134
f 1201/1251/1201 1200/1250/1200 1134/1184/1134
f 1134/1184/1134 1200/1250/1200 1246/1308/1246
f 1200/1250/1200 1199/1249/1199 1246/1308/1246
f 1246/1308/1246 1199/1249/1199 1245/1307/1245
f 1199/1249/1199 1197/1247/1197 1245/1307/1245
f 1245/1307/1245 1197/1247/1197 1253/1315/1253
f 1197/1247/1197 1198/1248/1198 1253/1315/1253
f 1253/1315/1253 1198/1248/1198 1255/1317/1255
f 1198/1248/1198 1203/1253/1203 1255/1317/1255
f 1255/1317/1255 1203/1253/1203 1210/1260/1210
f 1255/1317/1255 1210/1260/1210 1212/1262/1212
f 1255/1317/1255 1212/1262/1212 1214/1264/1214
f 1254/1316/1254 1255/1317/1255 1214/1264/1214
f 1254/1316/1254 1214/1264/1214 1225/1285/1225
f 1254/1316/1254 1225/1285/1225 1226/1286/1226
f 1242/1304/1242 1254/1316/1254 1226/1286/1226
f 1256/1318/1256 1257/1319/1257 1258/1320/1258
f 1259/1321/1259 1258/1320/1258 1260/1322/1260
f 1261/1323/1261 1262/1324/1262 1258/1320/1258
f 1258/1320/1258 1257/1319/1257 1261/1323/1261
f 1257/1319/1257 1263/1325/1263 1261/1323/1261
f 1256/1318/1256 1263/1325/1263 1257/1319/1257
f 1263/1325/1263 1256/1318/1256 1264/1326/1264
f 1256/1318/1256 1265/1327/1265 1264/1326/1264
f 1266/1328/1266 1265/1327/1265 1256/1318/1256
f 1266/1328/1266 1256/1318/1256 1258/1320/1258
f 1266/1328/1266 1258/1320/1258 1267/1329/1267
f 1259/1321/1259 1267/1329/1267 1258/1320/1258
f 1268/1330/1268 1267/1329/1267 1259/1321/1259
f 1260/1322/1260 1268/1330/1268 1259/1321/1259
f 1260/1322/1260 1269/1331/1269 1268/1330/1268
f 1269/1331/1269 1270/1332/1270 1268/1330/1268
f 1270/1332/1270 1269/1331/1269 1271/1333/1271
f 1270/1332/1270 1271/1333/1271 1272/1334/1272
f 1272/1334/1272 1271/1333/1271 1273/1335/1273
f 1274/1336/1274 1272/1334/1272 1273/1335/1273
f 1266/1328/1266 1275/1337/1275 1265/1338/1265
f 1266/1328/1266 1276/1339/1276 1275/1337/1275
f 1277/1340/1277 1276/1339/1276 1266/1328/1266
f 1277/1340/1277 1266/1328/1266 1267/1329/1267
f 1278/1341/1278 1279/1342/1279 1276/1339/1276
f 1276/1339/1276 1280/1343/1280 1278/1341/1278
f 1280/1343/1280 1276/1339/1276 1277/1340/1277
f 1277/1340/1277 1281/1344/1281 1280/1343/1280
f 1267/1329/1267 1281/1344/1281 1277/1340/1277
f 1268/1330/1268 1281/1344/1281 1267/1329/1267
f 1270/1332/1270 1281/1344/1281 1268/1330/1268
f 1265/1338/1265 1282/1345/1282 1264/1346/1264
f 1265/1338/1265 1275/1337/1275 1282/1345/1282
f 1282/1345/1282 1275/1337/1275 1283/1347/1283
f 1283/1347/1283 1275/1337/1275 1276/1339/1276
f 1279/1342/1279 1283/1347/1283 1276/1339/1276
f 1284/1348/1284 1285/1349/1285 1273/1335/1273
f 1270/1332/1270 1272/1334/1272 1274/1336/1274
f 1274/1336/1274 1286/1350/1286 1270/1332/1270
f 1286/1350/1286 1281/1344/1281 1270/1332/1270
f 1281/1344/1281 1286/1350/1286 1287/1351/1287
f 1281/1344/1281 1287/1351/1287 1280/1343/1280
f 1280/1343/1280 1287/1351/1287 1288/1352/1288
f 1278/1341/1278 1280/1343/1280 1288/1352/1288
f 1288/1352/1288 1289/1353/1289 1278/1341/1278
f 1278/1341/1278 1289/1353/1289 1290/1354/1290
f 1291/1355/1291 1290/1354/1290 1289/1353/1289
f 1292/1356/1292 1291/1355/1291 1289/1353/1289
f 1293/1357/1293 1291/1355/1291 1292/1356/1292
f 1292/1356/1292 1294/1358/1294 1293/1357/1293
f 1293/1357/1293 1294/1358/1294 1295/1359/1295
f 1296/1360/1296 1288/1352/1288 1287/1351/1287
f 1292/1356/1292 1289/1353/1289 1288/1352/1288
f 1292/1356/1292 1288/1352/1288 1297/1361/1297
f 1296/1360/1296 1297/1361/1297 1288/1352/1288
f 1298/1362/1298 1297/1361/1297 1296/1360/1296
f 1298/1362/1298 1296/1360/1296 1287/1351/1287
f 1287/1351/1287 1299/1363/1299 1298/1362/1298
f 1299/1363/1299 1287/1351/1287 1286/1350/1286
f 1300/1364/1300 1299/1363/1299 1286/1350/1286
f 1274/1336/1274 1300/1364/1300 1286/1350/1286
f 1301/1365/1301 1300/1364/1300 1274/1336/1274
f 1302/1366/1302 1301/1365/1301 1274/1336/1274
f 1302/1366/1302 1303/1367/1303 1301/1365/1301
f 1302/1366/1302 1304/1368/1304 1303/1367/1303
f 1304/1368/1304 1305/1369/1305 1303/1367/1303
f 1306/1370/1306 1305/1369/1305 1304/1368/1304
f 1305/1369/1305 1306/1370/1306 1307/1371/1307
f 1306/1370/1306 1308/1372/1308 1307/1371/1307
f 1307/1371/1307 1308/1372/1308 1309/1373/1309
f 1310/1374/1310 1304/1368/1304 1302/1366/1302
f 1311/1375/1311 1301/1365/1301 1303/1367/1303
f 1311/1375/1311 1300/1364/1300 1301/1365/1301
f 1312/1376/1312 1300/1364/1300 1311/1375/1311
f 1312/1376/1312 1299/1363/1299 1300/1364/1300
f 1294/1358/1294 1292/1356/1292 1297/1361/1297
f 1294/1358/1294 1297/1361/1297 1313/1377/1313
f 1313/1377/1313 1297/1361/1297 1298/1362/1298
f 1298/1362/1298 1314/1378/1314 1313/1377/1313
f 1298/1362/1298 1299/1363/1299 1314/1378/1314
f 1314/1378/1314 1299/1363/1299 1315/1379/1315
f 1315/1379/1315 1299/1363/1299 1312/1376/1312
f 1315/1379/1315 1312/1376/1312 1309/1373/1309
f 1309/1373/1309 1312/1376/1312 1311/1375/1311
f 1307/1371/1307 1309/1373/1309 1311/1375/1311
f 1311/1375/1311 1303/1367/1303 1307/1371/1307
f 1305/1369/1305 1307/1371/1307 1303/1367/1303
f 1313/1377/1313 1316/1380/1316 1294/1358/1294
f 1313/1377/1313 1314/1378/1314 1316/1380/1316
f 1314/1378/1314 1315/1379/1315 1316/1380/1316
f 1316/1380/1316 1315/1379/1315 1309/1373/1309
f 1317/1381/1317 1309/1373/1309 1308/1372/1308
f 1317/1381/1317 1316/1380/1316 1309/1373/1309
f 1317/1381/1317 1318/1382/1318 1316/1380/1316
f 1294/1358/1294 1316/1380/1316 1318/1382/1318
f 1319/1383/1319 1294/1358/1294 1318/1382/1318
f 1319/1383/1319 1295/1359/1295 1294/1358/1294
f 1320/1384/1320 1295/1359/1295 1319/1383/1319
f 1320/1384/1320 1293/1357/1293 1295/1359/1295
f 1320/1384/1320 1321/1385/1321 1293/1357/1293
f 1291/1355/1291 1293/1357/1293 1321/1385/1321
f 1321/1385/1321 1322/1386/1322 1291/1355/1291
f 1323/1387/1323 1291/1355/1291 1322/1386/1322
f 1323/1387/1323 1322/1386/1322 1324/1388/1324
f 1325/1389/1325 1323/1387/1323 1324/1388/1324
f 1325/1389/1325 1324/1388/1324 1326/1390/1326
f 1325/1389/1325 1326/1390/1326 1327/1391/1327
f 1326/1390/1326 1328/1392/1328 1327/1391/1327
f 1328/1392/1328 1326/1390/1326 1329/1393/1329
f 1330/1394/1330 1323/1387/1323 1325/1389/1325
f 1318/1382/1318 1331/1395/1331 1319/1383/1319
f 1332/1396/1332 1333/1397/1333 1319/1383/1319
f 1332/1396/1332 1319/1383/1319 1331/1395/1331
f 1331/1395/1331 1334/1398/1334 1332/1396/1332
f 1335/1399/1335 1334/1398/1334 1331/1395/1331
f 1317/1381/1317 1331/1395/1331 1318/1382/1318
f 1331/1395/1331 1317/1381/1317 1308/1372/1308
f 1335/1399/1335 1331/1395/1331 1308/1372/1308
f 1306/1370/1306 1335/1399/1335 1308/1372/1308
f 1335/1399/1335 1306/1370/1306 1334/1398/1334
f 1306/1370/1306 1336/1400/1336 1334/1398/1334
f 1336/1400/1336 1337/1401/1337 1334/1398/1334
f 1336/1400/1336 1338/1402/1338 1337/1401/1337
f 1338/1402/1338 1339/1403/1339 1337/1401/1337
f 1340/1404/1340 1339/1403/1339 1338/1402/1338
f 1339/1403/1339 1340/1404/1340 1341/1405/1341
f 1341/1405/1341 1340/1404/1340 1324/1388/1324
f 1324/1388/1324 1322/1386/1322 1341/1405/1341
f 1342/1406/1342 1341/1405/1341 1322/1386/1322
f 1321/1385/1321 1342/1406/1342 1322/1386/1322
f 1320/1384/1320 1342/1406/1342 1321/1385/1321
f 1342/1406/1342 1320/1384/1320 1333/1397/1333
f 1333/1397/1333 1320/1384/1320 1319/1383/1319
f 1337/1401/1337 1343/1407/1343 1334/1398/1334
f 1334/1398/1334 1343/1407/1343 1332/1396/1332
f 1343/1407/1343 1333/1397/1333 1332/1396/1332
f 1343/1407/1343 1342/1406/1342 1333/1397/1333
f 1342/1406/1342 1343/1407/1343 1341/1405/1341
f 1343/1407/1343 1337/1401/1337 1341/1405/1341
f 1337/1401/1337 1339/1403/1339 1341/1405/1341
f 1336/1400/1336 1344/1408/1344 1338/1402/1338
f 1344/1408/1344 1340/1404/1340 1338/1402/1338
f 1340/1404/1340 1344/1408/1344 1345/1409/1345
f 1345/1409/1345 1344/1408/1344 1346/1410/1346
f 1347/1411/1347 1329/1393/1329 1348/1412/1348
f 1329/1393/1329 1326/1390/1326 1348/1412/1348
f 1326/1390/1326 1324/1388/1324 1348/1412/1348
f 1324/1388/1324 1340/1404/1340 1348/1412/1348
f 1349/1413/1349 1348/1412/1348 1340/1404/1340
f 1340/1404/1340 1345/1409/1345 1349/1413/1349
f 1349/1413/1349 1345/1409/1345 1350/1414/1350
f 1350/1414/1350 1345/1409/1345 1351/1415/1351
f 1352/1416/1352 1350/1414/1350 1351/1415/1351
f 1353/1417/1353 1352/1416/1352 1351/1415/1351
f 1354/1418/1354 1353/1417/1353 1351/1415/1351
f 1354/1418/1354 1351/1415/1351 1345/1409/1345
f 1354/1418/1354 1345/1409/1345 1310/1374/1310
f 1345/1409/1345 1346/1410/1346 1310/1374/1310
f 1310/1374/1310 1346/1410/1346 1304/1368/1304
f 1346/1410/1346 1306/1370/1306 1304/1368/1304
f 1306/1370/1306 1346/1410/1346 1336/1400/1336
f 1346/1410/1346 1344/1408/1344 1336/1400/1336
f 1348/1412/1348 1349/1413/1349 1347/1411/1347
f 1349/1413/1349 1350/1414/1350 1347/1411/1347
f 1355/1419/1355 1356/1420/1356 1357/1421/1357
f 1356/1420/1356 1355/1419/1355 1358/1422/1358
f 1356/1420/1356 1358/1422/1358 1354/1418/1354
f 1354/1418/1354 1310/1374/1310 1356/1420/1356
f 1356/1420/1356 1310/1374/1310 1359/1423/1359
f 1356/1420/1356 1359/1423/1359 1357/1421/1357
f 1360/1424/1360 1361/1425/1361 1362/1426/1362
f 1361/1425/1361 1363/1427/1363 1362/1426/1362
f 1364/1428/1364 1362/1426/1362 1363/1427/1363
f 1364/1428/1364 1363/1427/1363 1365/1429/1365
f 1366/1430/1366 1364/1428/1364 1365/1429/1365
f 1366/1430/1366 1365/1429/1365 1367/1431/1367
f 1368/1432/1368 1366/1430/1366 1367/1431/1367
f 1367/1431/1367 1369/1433/1369 1368/1432/1368
f 1368/1432/1368 1369/1433/1369 1370/1434/1370
f 1371/1435/1371 1370/1434/1370 1369/1433/1369
f 1371/1435/1371 1372/1436/1372 1370/1434/1370
f 1352/1416/1352 1372/1436/1372 1371/1435/1371
f 1352/1416/1352 1373/1437/1373 1372/1436/1372
f 1352/1416/1352 1353/1417/1353 1373/1437/1373
f 1353/1417/1353 1374/1438/1374 1373/1437/1373
f 1353/1417/1353 1354/1418/1354 1374/1438/1374
f 1354/1418/1354 1375/1439/1375 1374/1438/1374
f 1354/1418/1354 1358/1422/1358 1375/1439/1375
f 1373/1437/1373 1374/1438/1374 1376/1440/1376
f 1375/1439/1375 1376/1440/1376 1374/1438/1374
f 1369/1433/1369 1367/1431/1367 1377/1441/1377
f 1378/1442/1378 1368/1432/1368 1370/1434/1370
f 1379/1443/1379 1368/1432/1368 1378/1442/1378
f 1379/1443/1379 1366/1430/1366 1368/1432/1368
f 1380/1444/1380 1328/1392/1328 1329/1393/1329
f 1380/1444/1380 1329/1393/1329 1347/1411/1347
f 1381/1445/1381 1380/1444/1380 1347/1411/1347
f 1350/1414/1350 1381/1445/1381 1347/1411/1347
f 1382/1446/1382 1381/1445/1381 1350/1414/1350
f 1352/1416/1352 1382/1446/1382 1350/1414/1350
f 1352/1416/1352 1383/1447/1383 1382/1446/1382
f 1383/1447/1383 1352/1416/1352 1371/1435/1371
f 1383/1447/1383 1371/1435/1371 1384/1448/1384
f 1371/1435/1371 1369/1433/1369 1384/1448/1384
f 1384/1448/1384 1369/1433/1369 1385/1449/1385
f 1369/1433/1369 1377/1441/1377 1385/1449/1385
f 1386/1450/1386 1385/1449/1385 1377/1441/1377
f 1386/1450/1386 1377/1441/1377 1367/1431/1367
f 1386/1450/1386 1367/1431/1367 1365/1429/1365
f 1386/1450/1386 1365/1429/1365 1363/1427/1363
f 1361/1425/1361 1386/1450/1386 1363/1427/1363
f 1386/1450/1386 1361/1425/1361 1387/1451/1387
f 1387/1451/1387 1385/1449/1385 1386/1450/1386
f 1381/1445/1381 1382/1446/1382 1383/1447/1383
f 1381/1445/1381 1328/1392/1328 1380/1444/1380
f 1388/1452/1388 1323/1387/1323 1330/1394/1330
f 1330/1394/1330 1389/1453/1389 1388/1452/1388
f 1325/1389/1325 1389/1453/1389 1330/1394/1330
f 1325/1389/1325 1390/1454/1390 1389/1453/1389
f 1325/1389/1325 1327/1391/1327 1390/1454/1390
f 1327/1391/1327 1391/1455/1391 1390/1454/1390
f 1328/1392/1328 1391/1455/1391 1327/1391/1327
f 1392/1456/1392 1391/1455/1391 1328/1392/1328
f 1392/1456/1392 1328/1392/1328 1381/1445/1381
f 1392/1456/1392 1381/1445/1381 1393/1457/1393
f 1381/1445/1381 1383/1447/1383 1393/1457/1393
f 1393/1457/1393 1383/1447/1383 1394/1458/1394
f 1384/1448/1384 1394/1458/1394 1383/1447/1383
f 1384/1448/1384 1395/1459/1395 1394/1458/1394
f 1384/1448/1384 1385/1449/1385 1395/1459/1395
f 1395/1459/1395 1385/1449/1385 1396/1460/1396
f 1387/1451/1387 1396/1460/1396 1385/1449/1385
f 1396/1460/1396 1387/1451/1387 1397/1461/1397
f 1395/1459/1395 1398/1462/1398 1394/1458/1394
f 1395/1459/1395 1396/1460/1396 1398/1462/1398
f 1396/1460/1396 1397/1461/1397 1398/1462/1398
f 1399/1463/1399 1398/1462/1398 1397/1461/1397
f 1397/1461/1397 1387/1451/1387 1400/1464/1400
f 1399/1463/1399 1397/1461/1397 1400/1464/1400
f 1399/1463/1399 1400/1464/1400 1390/1454/1390
f 1390/1454/1390 1391/1455/1391 1399/1463/1399
f 1398/1462/1398 1399/1463/1399 1391/1455/1391
f 1398/1462/1398 1391/1455/1391 1401/1465/1401
f 1401/1465/1401 1394/1458/1394 1398/1462/1398
f 1393/1457/1393 1394/1458/1394 1401/1465/1401
f 1392/1456/1392 1393/1457/1393 1401/1465/1401
f 1392/1456/1392 1401/1465/1401 1391/1455/1391
f 1387/1451/1387 1361/1425/1361 1360/1424/1360
f 1400/1464/1400 1387/1451/1387 1360/1424/1360
f 1402/1466/1402 1400/1464/1400 1360/1424/1360
f 1390/1454/1390 1400/1464/1400 1402/1466/1402
f 1390/1454/1390 1402/1466/1402 1389/1453/1389
f 1389/1453/1389 1402/1466/1402 1403/1467/1403
f 1388/1452/1388 1389/1453/1389 1403/1467/1403
f 1388/1452/1388 1403/1467/1403 1404/1468/1404
f 1388/1452/1388 1404/1468/1404 1405/1469/1405
f 1362/1426/1362 1405/1469/1405 1404/1468/1404
f 1362/1426/1362 1406/1470/1406 1405/1469/1405
f 1406/1470/1406 1362/1426/1362 1364/1428/1364
f 1406/1470/1406 1364/1428/1364 1407/1471/1407
f 1364/1428/1364 1366/1430/1366 1407/1471/1407
f 1366/1430/1366 1408/1472/1408 1407/1471/1407
f 1408/1472/1408 1366/1430/1366 1379/1443/1379
f 1379/1443/1379 1409/1473/1409 1408/1472/1408
f 1410/1474/1410 1409/1473/1409 1379/1443/1379
f 1362/1426/1362 1404/1468/1404 1360/1424/1360
f 1360/1424/1360 1404/1468/1404 1402/1466/1402
f 1404/1468/1404 1403/1467/1403 1402/1466/1402
f 1411/1475/1411 1388/1452/1388 1405/1469/1405
f 1412/1476/1412 1413/1477/1413 1406/1470/1406
f 1412/1476/1412 1406/1470/1406 1414/1478/1414
f 1414/1478/1414 1415/1479/1415 1412/1476/1412
f 1416/1480/1416 1415/1479/1415 1414/1478/1414
f 1416/1480/1416 1417/1481/1417 1415/1479/1415
f 1416/1480/1416 1418/1482/1418 1417/1481/1417
f 1419/1483/1419 1418/1482/1418 1416/1480/1416
f 1416/1480/1416 1414/1478/1414 1419/1483/1419
f 1414/1478/1414 1409/1473/1409 1419/1483/1419
f 1406/1470/1406 1409/1473/1409 1414/1478/1414
f 1406/1470/1406 1407/1471/1407 1409/1473/1409
f 1408/1472/1408 1409/1473/1409 1407/1471/1407
f 1412/1476/1412 1420/1484/1420 1413/1477/1413
f 1421/1485/1421 1420/1484/1420 1412/1476/1412
f 1415/1479/1415 1421/1485/1421 1412/1476/1412
f 1422/1486/1422 1421/1485/1421 1415/1479/1415
f 1422/1486/1422 1415/1479/1415 1417/1481/1417
f 1410/1474/1410 1419/1483/1419 1409/1473/1409
f 1419/1483/1419 1410/1474/1410 1423/1487/1423
f 1418/1482/1418 1419/1483/1419 1423/1487/1423
f 1423/1487/1423 1424/1488/1424 1418/1482/1418
f 1418/1482/1418 1424/1488/1424 1417/1481/1417
f 1424/1488/1424 1425/1489/1425 1417/1481/1417
f 1417/1481/1417 1425/1489/1425 1422/1486/1422
f 1425/1489/1425 1426/1490/1426 1422/1486/1422
f 1426/1490/1426 1427/1491/1427 1422/1486/1422
f 1422/1486/1422 1427/1491/1427 1428/1492/1428
f 1422/1486/1422 1428/1492/1428 1421/1485/1421
f 1429/1493/1429 1421/1485/1421 1428/1492/1428
f 1420/1484/1420 1421/1485/1421 1429/1493/1429
f 1429/1493/1429 1430/1494/1430 1420/1484/1420
f 1411/1475/1411 1420/1484/1420 1430/1494/1430
f 1411/1475/1411 1413/1477/1413 1420/1484/1420
f 1413/1477/1413 1411/1475/1411 1405/1469/1405
f 1405/1469/1405 1406/1470/1406 1413/1477/1413
f 1430/1494/1430 1431/1495/1431 1432/1496/1432
f 1431/1495/1431 1430/1494/1430 1429/1493/1429
f 1431/1495/1431 1429/1493/1429 1428/1492/1428
f 1433/1497/1433 1434/1498/1434 1435/1499/1435
f 1436/1500/1436 1433/1497/1433 1435/1499/1435
f 1437/1501/1437 1436/1500/1436 1435/1499/1435
f 1437/1501/1437 1426/1490/1426 1436/1500/1436
f 1438/1502/1438 1426/1490/1426 1437/1501/1437
f 1427/1491/1427 1426/1490/1426 1438/1502/1438
f 1427/1491/1427 1438/1502/1438 1439/1503/1439
f 1439/1503/1439 1428/1492/1428 1427/1491/1427
f 1439/1503/1439 1440/1504/1440 1428/1492/1428
f 1431/1495/1431 1428/1492/1428 1440/1504/1440
f 1431/1495/1431 1440/1504/1440 1441/1505/1441
f 1432/1496/1432 1431/1495/1431 1441/1505/1441
f 1441/1505/1441 1290/1354/1290 1432/1496/1432
f 1290/1354/1290 1430/1494/1430 1432/1496/1432
f 1291/1355/1291 1430/1494/1430 1290/1354/1290
f 1430/1494/1430 1291/1355/1291 1411/1475/1411
f 1323/1387/1323 1411/1475/1411 1291/1355/1291
f 1388/1452/1388 1411/1475/1411 1323/1387/1323
f 1442/1506/1442 1440/1504/1440 1439/1503/1439
f 1443/1507/1443 1442/1506/1442 1439/1503/1439
f 1444/1508/1444 1443/1507/1443 1439/1503/1439
f 1444/1508/1444 1445/1509/1445 1443/1507/1443
f 1445/1509/1445 1444/1508/1444 1446/1510/1446
f 1438/1502/1438 1444/1508/1444 1439/1503/1439
f 1437/1501/1437 1444/1508/1444 1438/1502/1438
f 1446/1510/1446 1444/1508/1444 1437/1501/1437
f 1435/1499/1435 1446/1510/1446 1437/1501/1437
f 1435/1499/1435 1447/1511/1447 1446/1510/1446
f 1446/1510/1446 1447/1511/1447 1448/1512/1448
f 1445/1509/1445 1446/1510/1446 1448/1512/1448
f 1445/1509/1445 1448/1512/1448 1449/1513/1449
f 1445/1509/1445 1449/1513/1449 1264/1346/1264
f 1443/1507/1443 1445/1509/1445 1264/1346/1264
f 1282/1345/1282 1443/1507/1443 1264/1346/1264
f 1443/1507/1443 1282/1345/1282 1442/1506/1442
f 1282/1345/1282 1283/1347/1283 1442/1506/1442
f 1442/1506/1442 1283/1347/1283 1440/1504/1440
f 1283/1347/1283 1279/1342/1279 1440/1504/1440
f 1440/1504/1440 1279/1342/1279 1441/1505/1441
f 1441/1505/1441 1279/1342/1279 1290/1354/1290
f 1290/1354/1290 1279/1342/1279 1278/1341/1278
f 1450/1514/1450 1451/1515/1451 1452/1516/1452
f 1453/1517/1453 1450/1514/1450 1452/1516/1452
f 1453/1517/1453 1454/1518/1454 1450/1514/1450
f 1453/1517/1453 1455/1519/1455 1454/1518/1454
f 1455/1519/1455 1456/1520/1456 1454/1518/1454
f 1456/1520/1456 1455/1519/1455 1457/1521/1457
f 1458/1522/1458 1455/1519/1455 1453/1517/1453
f 1458/1522/1458 1453/1517/1453 1459/1523/1459
f 1459/1523/1459 1453/1517/1453 1452/1516/1452
f 1455/1519/1455 1460/1524/1460 1461/1525/1461
f 1455/1519/1455 1458/1522/1458 1460/1524/1460
f 1458/1522/1458 1434/1526/1434 1460/1524/1460
f 1459/1523/1459 1434/1526/1434 1458/1522/1458
f 1435/1527/1435 1434/1526/1434 1459/1523/1459
f 1435/1527/1435 1459/1523/1459 1447/1528/1447
f 1452/1516/1452 1447/1528/1447 1459/1523/1459
f 1452/1516/1452 1448/1529/1448 1447/1528/1447
f 1451/1515/1451 1448/1529/1448 1452/1516/1452
f 1451/1515/1451 1263/1325/1263 1448/1529/1448
f 1261/1323/1261 1263/1325/1263 1451/1515/1451
f 1450/1514/1450 1261/1323/1261 1451/1515/1451
f 1450/1514/1450 1462/1530/1462 1261/1323/1261
f 1450/1514/1450 1454/1518/1454 1462/1530/1462
f 1463/1531/1463 1462/1530/1462 1454/1518/1454
f 1463/1531/1463 1454/1518/1454 1456/1520/1456
f 1463/1531/1463 1456/1520/1456 1464/1532/1464
f 1464/1532/1464 1456/1520/1456 1457/1521/1457
f 1464/1532/1464 1465/1533/1465 1463/1531/1463
f 1460/1524/1460 1466/1534/1466 1461/1525/1461
f 1467/1535/1467 1466/1534/1466 1460/1524/1460
f 1460/1524/1460 1434/1526/1434 1467/1535/1467
f 1466/1534/1466 1467/1535/1467 1468/1536/1468
f 1448/1529/1448 1263/1325/1263 1449/1537/1449
f 1449/1537/1449 1263/1325/1263 1264/1326/1264
f 1262/1324/1262 1261/1323/1261 1462/1530/1462
f 1262/1324/1262 1462/1530/1462 1463/1531/1463
f 1469/1538/1469 1262/1324/1262 1463/1531/1463
f 1463/1531/1463 1465/1533/1465 1469/1538/1469
f 1470/1539/1470 1469/1538/1469 1465/1533/1465
f 1470/1539/1470 1465/1533/1465 1471/1540/1471
f 1465/1533/1465 1472/1541/1472 1471/1540/1471
f 1472/1541/1472 1465/1533/1465 1464/1532/1464
f 1472/1541/1472 1464/1532/1464 1473/1542/1473
f 1472/1541/1472 1473/1542/1473 1474/1543/1474
f 1473/1542/1473 1475/1544/1475 1474/1543/1474
f 1475/1544/1475 1476/1545/1476 1474/1543/1474
f 1476/1545/1476 1477/1546/1477 1474/1543/1474
f 1477/1546/1477 1478/1547/1478 1474/1543/1474
f 1478/1547/1478 1472/1541/1472 1474/1543/1474
f 1471/1540/1471 1472/1541/1472 1478/1547/1478
f 1471/1540/1471 1478/1547/1478 1479/1548/1479
f 1480/1549/1480 1479/1548/1479 1478/1547/1478
f 1481/1550/1481 1482/1551/1482 1483/1552/1483
f 1482/1551/1482 1484/1553/1484 1483/1552/1483
f 1483/1552/1483 1484/1553/1484 1485/1554/1485
f 1485/1554/1485 1484/1553/1484 1486/1555/1486
f 1486/1555/1486 1487/1556/1487 1485/1554/1485
f 1486/1555/1486 1488/1557/1488 1487/1556/1487
f 1488/1557/1488 1480/1549/1480 1487/1556/1487
f 1480/1549/1480 1488/1557/1488 1489/1558/1489
f 1479/1548/1479 1480/1549/1480 1489/1558/1489
f 1490/1559/1490 1479/1548/1479 1489/1558/1489
f 1490/1559/1490 1471/1540/1471 1479/1548/1479
f 1490/1559/1490 1271/1333/1271 1471/1540/1471
f 1471/1540/1471 1271/1333/1271 1470/1539/1470
f 1271/1333/1271 1269/1331/1269 1470/1539/1470
f 1269/1331/1269 1469/1538/1469 1470/1539/1470
f 1269/1331/1269 1260/1322/1260 1469/1538/1469
f 1260/1322/1260 1262/1324/1262 1469/1538/1469
f 1258/1320/1258 1262/1324/1262 1260/1322/1260
f 1491/1560/1491 1488/1557/1488 1486/1555/1486
f 1491/1560/1491 1492/1561/1492 1488/1557/1488
f 1488/1557/1488 1492/1561/1492 1489/1558/1489
f 1484/1553/1484 1493/1562/1493 1486/1555/1486
f 1486/1555/1486 1493/1562/1493 1491/1560/1491
f 1491/1560/1491 1493/1562/1493 1494/1563/1494
f 1491/1560/1491 1494/1563/1494 1495/1564/1495
f 1491/1560/1491 1495/1564/1495 1492/1561/1492
f 1284/1348/1284 1492/1561/1492 1495/1564/1495
f 1284/1348/1284 1489/1558/1489 1492/1561/1492
f 1489/1558/1489 1284/1348/1284 1273/1335/1273
f 1273/1335/1273 1490/1559/1490 1489/1558/1489
f 1271/1333/1271 1490/1559/1490 1273/1335/1273
f 1496/1565/1496 1497/1566/1497 1498/1567/1498
f 1497/1566/1497 1499/1568/1499 1498/1567/1498
f 1500/1569/1500 1498/1567/1498 1499/1568/1499
f 1498/1567/1498 1500/1569/1500 1501/1570/1501
f 1501/1570/1501 1500/1569/1500 1502/1571/1502
f 1503/1572/1503 1501/1570/1501 1502/1571/1502
f 1501/1570/1501 1503/1572/1503 1481/1550/1481
f 1503/1572/1503 1504/1573/1504 1481/1550/1481
f 1504/1573/1504 1482/1551/1482 1481/1550/1481
f 1504/1573/1504 1505/1574/1505 1482/1551/1482
f 1505/1574/1505 1484/1553/1484 1482/1551/1482
f 1484/1553/1484 1505/1574/1505 1506/1575/1506
f 1484/1553/1484 1506/1575/1506 1493/1562/1493
f 1493/1562/1493 1506/1575/1506 1507/1576/1507
f 1493/1562/1493 1507/1576/1507 1494/1563/1494
f 1494/1563/1494 1507/1576/1507 1508/1577/1508
f 1494/1563/1494 1508/1577/1508 1495/1564/1495
f 1508/1577/1508 1509/1578/1509 1495/1564/1495
f 1481/1550/1481 1498/1567/1498 1501/1570/1501
f 1274/1336/1274 1273/1335/1273 1285/1349/1285
f 1302/1366/1302 1274/1336/1274 1285/1349/1285
f 1285/1349/1285 1510/1579/1510 1302/1366/1302
f 1310/1374/1310 1302/1366/1302 1510/1579/1510
f 1510/1579/1510 1511/1580/1511 1310/1374/1310
f 1511/1580/1511 1359/1423/1359 1310/1374/1310
f 1512/1581/1512 1359/1423/1359 1511/1580/1511
f 1357/1421/1357 1359/1423/1359 1512/1581/1512
f 1508/1577/1508 1357/1421/1357 1512/1581/1512
f 1357/1421/1357 1508/1577/1508 1513/1582/1513
f 1513/1582/1513 1508/1577/1508 1507/1576/1507
f 1513/1582/1513 1507/1576/1507 1514/1583/1514
f 1506/1575/1506 1514/1583/1514 1507/1576/1507
f 1506/1575/1506 1515/1584/1515 1514/1583/1514
f 1505/1574/1505 1515/1584/1515 1506/1575/1506
f 1516/1585/1516 1515/1584/1515 1505/1574/1505
f 1504/1573/1504 1516/1585/1516 1505/1574/1505
f 1517/1586/1517 1516/1585/1516 1504/1573/1504
f 1510/1579/1510 1518/1587/1518 1511/1580/1511
f 1509/1578/1509 1284/1348/1284 1495/1564/1495
f 1284/1348/1284 1509/1578/1509 1519/1588/1519
f 1284/1348/1284 1519/1588/1519 1285/1349/1285
f 1285/1349/1285 1519/1588/1519 1510/1579/1510
f 1510/1579/1510 1519/1588/1519 1509/1578/1509
f 1510/1579/1510 1509/1578/1509 1518/1587/1518
f 1518/1587/1518 1509/1578/1509 1520/1589/1520
f 1518/1587/1518 1520/1589/1520 1511/1580/1511
f 1520/1589/1520 1512/1581/1512 1511/1580/1511
f 1512/1581/1512 1520/1589/1520 1508/1577/1508
f 1508/1577/1508 1520/1589/1520 1509/1578/1509
f 1358/1422/1358 1521/1590/1521 1375/1439/1375
f 1355/1419/1355 1521/1590/1521 1358/1422/1358
f 1355/1419/1355 1522/1591/1522 1521/1590/1521
f 1522/1591/1522 1355/1419/1355 1357/1421/1357
f 1522/1591/1522 1357/1421/1357 1523/1592/1523
f 1523/1592/1523 1357/1421/1357 1513/1582/1513
f 1514/1583/1514 1523/1592/1523 1513/1582/1513
f 1514/1583/1514 1515/1584/1515 1523/1592/1523
f 1524/1593/1524 1523/1592/1523 1515/1584/1515
f 1524/1593/1524 1515/1584/1515 1516/1585/1516
f 1517/1586/1517 1524/1593/1524 1516/1585/1516
f 1524/1593/1524 1517/1586/1517 1525/1594/1525
f 1526/1595/1526 1525/1594/1525 1517/1586/1517
f 1521/1590/1521 1525/1594/1525 1526/1595/1526
f 1521/1590/1521 1526/1595/1526 1375/1439/1375
f 1526/1595/1526 1527/1596/1527 1375/1439/1375
f 1375/1439/1375 1527/1596/1527 1376/1440/1376
f 1527/1596/1527 1528/1597/1528 1376/1440/1376
f 1522/1591/1522 1525/1594/1525 1521/1590/1521
f 1522/1591/1522 1524/1593/1524 1525/1594/1525
f 1524/1593/1524 1522/1591/1522 1523/1592/1523
f 1529/1598/1529 1530/1599/1530 1528/1597/1528
f 1528/1597/1528 1530/1599/1530 1531/1600/1531
f 1529/1598/1529 1532/1601/1532 1533/1602/1533
f 1532/1601/1532 1529/1598/1529 1528/1597/1528
f 1528/1597/1528 1527/1596/1527 1532/1601/1532
f 1533/1602/1533 1534/1603/1534 1535/1604/1535
f 1534/1603/1534 1533/1602/1533 1532/1601/1532
f 1532/1601/1532 1536/1605/1536 1534/1603/1534
f 1536/1605/1536 1532/1601/1532 1527/1596/1527
f 1526/1595/1526 1536/1605/1536 1527/1596/1527
f 1526/1595/1526 1517/1586/1517 1536/1605/1536
f 1528/1597/1528 1373/1437/1373 1376/1440/1376
f 1528/1597/1528 1531/1600/1531 1373/1437/1373
f 1531/1600/1531 1372/1436/1372 1373/1437/1373
f 1370/1434/1370 1372/1436/1372 1531/1600/1531
f 1370/1434/1370 1531/1600/1531 1530/1599/1530
f 1530/1599/1530 1378/1442/1378 1370/1434/1370
f 1530/1599/1530 1529/1598/1529 1378/1442/1378
f 1378/1442/1378 1529/1598/1529 1537/1606/1537
f 1537/1606/1537 1529/1598/1529 1533/1602/1533
f 1537/1606/1537 1533/1602/1533 1538/1607/1538
f 1538/1607/1538 1539/1608/1539 1537/1606/1537
f 1538/1607/1538 1540/1609/1540 1539/1608/1539
f 1540/1609/1540 1541/1610/1541 1539/1608/1539
f 1540/1609/1540 1468/1611/1468 1541/1610/1541
f 1542/1612/1542 1541/1610/1541 1468/1611/1468
f 1467/1613/1467 1542/1612/1542 1468/1611/1468
f 1467/1613/1467 1434/1498/1434 1542/1612/1542
f 1542/1612/1542 1434/1498/1434 1433/1497/1433
f 1537/1606/1537 1379/1443/1379 1378/1442/1378
f 1379/1443/1379 1537/1606/1537 1539/1608/1539
f 1379/1443/1379 1539/1608/1539 1410/1474/1410
f 1541/1610/1541 1410/1474/1410 1539/1608/1539
f 1410/1474/1410 1541/1610/1541 1423/1487/1423
f 1542/1612/1542 1423/1487/1423 1541/1610/1541
f 1424/1488/1424 1423/1487/1423 1542/1612/1542
f 1424/1488/1424 1542/1612/1542 1433/1497/1433
f 1425/1489/1425 1424/1488/1424 1433/1497/1433
f 1436/1500/1436 1425/1489/1425 1433/1497/1433
f 1425/1489/1425 1436/1500/1436 1426/1490/1426
f 1517/1586/1517 1504/1573/1504 1503/1572/1503
f 1517/1586/1517 1503/1572/1503 1536/1605/1536
f 1503/1572/1503 1502/1571/1502 1536/1605/1536
f 1534/1603/1534 1536/1605/1536 1502/1571/1502
f 1534/1603/1534 1502/1571/1502 1500/1569/1500
f 1535/1604/1535 1534/1603/1534 1500/1569/1500
f 1535/1604/1535 1500/1569/1500 1499/1568/1499
f 1533/1602/1533 1535/1604/1535 1499/1568/1499
f 1499/1568/1499 1543/1614/1543 1533/1602/1533
f 1538/1607/1538 1533/1602/1533 1543/1614/1543
f 1543/1614/1543 1540/1615/1540 1538/1607/1538
f 1543/1614/1543 1544/1616/1544 1540/1615/1540
f 1540/1615/1540 1544/1616/1544 1468/1536/1468
f 1468/1536/1468 1544/1616/1544 1545/1617/1545
f 1466/1534/1466 1468/1536/1468 1545/1617/1545
f 1545/1617/1545 1457/1521/1457 1466/1534/1466
f 1457/1521/1457 1461/1525/1461 1466/1534/1466
f 1455/1519/1455 1461/1525/1461 1457/1521/1457
f 1457/1521/1457 1473/1542/1473 1464/1532/1464
f 1457/1521/1457 1545/1617/1545 1473/1542/1473
f 1473/1542/1473 1545/1617/1545 1475/1544/1475
f 1544/1616/1544 1475/1544/1475 1545/1617/1545
f 1544/1616/1544 1543/1614/1543 1475/1544/1475
f 1543/1614/1543 1476/1545/1476 1475/1544/1475
f 1499/1568/1499 1476/1545/1476 1543/1614/1543
f 1477/1546/1477 1476/1545/1476 1499/1568/1499
f 1477/1546/1477 1499/1568/1499 1497/1566/1497
f 1497/1566/1497 1478/1547/1478 1477/1546/1477
f 1546/1618/1546 1478/1547/1478 1497/1566/1497
f 1546/1618/1546 1480/1549/1480 1478/1547/1478
f 1487/1556/1487 1480/1549/1480 1546/1618/1546
f 1485/1554/1485 1487/1556/1487 1546/1618/1546
f 1485/1554/1485 1546/1618/1546 1483/1552/1483
f 1546/1618/1546 1481/1550/1481 1483/1552/1483
f 1546/1618/1546 1496/1565/1496 1481/1550/1481
f 1481/1550/1481 1496/1565/1496 1498/1567/1498
f 1546/1618/1546 1497/1566/1497 1496/1565/1496
f 967/1011/967 954/997/954 955/998/955
f 967/1011/967 966/1009/966 954/997/954
f 968/1012/968 966/1009/966 967/1011/967
f 968/1012/968 1547/1619/1547 966/1009/966
f 969/1013/969 1547/1619/1547 968/1012/968
f 971/1015/971 1547/1619/1547 969/1013/969
f 971/1015/971 973/1017/973 1547/1619/1547
f 1547/1619/1547 973/1017/973 1548/1620/1548
f 973/1017/973 951/1026/951 1548/1620/1548
f 951/1026/951 952/1621/952 1548/1620/1548
f 953/1010/953 1548/1620/1548 952/1621/952
f 1549/1622/1549 1548/1620/1548 953/1010/953
f 1549/1622/1549 953/1010/953 966/1009/966
f 1547/1619/1547 1549/1622/1549 966/1009/966
f 1549/1622/1549 1547/1619/1547 1548/1620/1548
f 658/681/658 1550/1623/1550 660/683/660
f 660/683/660 1550/1623/1550 653/676/653
f 1550/1623/1550 1551/1624/1551 653/676/653
f 1551/1624/1551 654/677/654 653/676/653
f 1551/1624/1551 113/117/113 654/677/654
f 111/115/111 113/117/113 1551/1624/1551
f 1552/1625/1552 111/115/111 1551/1624/1551
f 108/112/108 111/115/111 1552/1625/1552
f 108/112/108 1552/1625/1552 1553/1626/1553
f 108/112/108 1553/1626/1553 109/113/109
f 109/113/109 1553/1626/1553 658/681/658
f 1553/1626/1553 1552/1625/1552 658/681/658
f 658/681/658 1552/1625/1552 1550/1623/1550
f 1552/1625/1552 1551/1624/1551 1550/1623/1550
